Rank,Player,Pts,Avg,1,2,3,4,5,6,7,8,9,10,11,12,13,14,15,16,17,18,Status,Bye,Salary
1,"Taylor, Jonathan IND RB",409.9,24.112,19.9,7.42,9.18,21.16,38.86,30.48,16.48,26.42,36.58,24.3,56.24,20.14,27.5,0,25.9,13.5,20.26,15.58,Martians,14,35
2,"Ekeler, Austin LAC RB",365.22,22.826,13.2,22.56,23.92,31.18,33.28,10.98,0,26.1,12.78,15.4,43.5,24.18,19,17.62,18.78,0,23.64,29.1,Fonzi,7,31
3,"Harris, Najee PIT RB",324.22,19.072,7.24,20.18,28.72,21.34,24.7,26.86,0,23.84,18.46,21.38,16.8,6.84,17.46,26.5,5.28,16.42,31.98,10.22,Rockies,7,26
4,"Mixon, Joe CIN RB",312.94,19.559,27.28,9.72,11.94,14.8,11.12,29.14,13.1,27.98,31.56,0,27.3,32.98,7.3,10.2,8.32,34.5,15.7,0,Lemmings,10,25
5,"Conner, James ARI RB",279.9,18.66,6.9,3.4,19.5,20.36,11.68,9.2,13.4,14.7,44.52,16.4,22.72,0,22.26,35.94,10.66,0,0,28.26,Tuggers,12,46
6,"Elliott, Ezekiel DAL RB",273.52,16.089,6.36,19.86,28.06,22.3,26.42,20.1,0,12.28,13.6,21.6,12.86,16.24,7.12,12.6,17.5,19.9,5.24,11.48,Lemmings,7,30
7,"Fournette, Leonard TBB RB",263.94,18.853,10.92,10.14,6.86,20.22,22.78,32.66,18.04,7.22,0,17,13.74,44.16,22.88,24.24,13.08,0,0,0,Butchers - IR,9,4
8,"Kamara, Alvin NOS RB",263.54,20.272,19.08,7.3,23.44,14.6,31.36,0,38.58,17.9,22.94,0,0,0,0,26.7,5.98,8.62,23.88,23.16,Gunslingers,6,34
9,"Gibson, Antonio WAS RB",247.54,15.471,11.38,9.84,22.48,16.62,22.92,4.4,6.3,8.9,0,24.04,9.4,25.1,23.28,4.4,19.34,15.14,0,24,Platypi - IR,9,18
10,"Jones, Aaron GBP RB",241.56,16.104,4.48,43.08,17.34,13.96,14.66,22.34,8.2,25.06,6.5,14.96,0,3.3,0,22.3,16.02,13.66,15.7,0,Martians,13,33
11,"Chubb, Nick CLE RB",238.54,17.039,23.68,17.58,10.6,13.4,26.14,0,0,9.48,32.26,0,24.44,7.08,0,10.06,18.22,31.08,7,7.52,Ball Hawks,13,28
12,"Jacobs, Josh LVR RB",237.58,15.839,17.86,0,0,10.52,17.34,18.04,17.24,0,13.94,8,10.94,21.9,23.08,7.16,14.92,13.3,18.62,24.72,Ball Hawks,8,18
13,"Harris, Damien NEP RB",233.22,15.548,14.02,14.62,2.52,5.8,11.2,19.52,26.12,16.3,11.48,0,8.54,13.52,20.1,0,0,32.1,18.82,18.56,Lizards,14,7
14,"Cook, Dalvin MIN RB",225.64,17.357,21.98,19.02,0,6.9,0,22.38,0,9.6,16.12,23.14,24.94,16.14,0,38.42,13.02,0,3.7,10.28,Spawners,7,36
15,"Williams, Javonte DEN RB",222.66,13.098,5.76,9.8,14.88,8.76,12.4,10.3,16.52,7.48,12.8,6.76,0,23.42,33.66,22.9,12.14,10.18,5.22,9.68,Ball Hawks,11,14
16,"Henry, Derrick TEN RB",217.49,27.186,12.04,51.5,22.56,29.2,33.9,37.38,21.31,9.6,0,0,0,0,0,0,0,0,0,0,Hedgehogs - IR,13,38
17,"Montgomery, David CHI RB",216.16,15.44,20.5,12.48,8.76,24.9,0,0,0,0,11.32,0,9.14,12.28,31.26,14.44,11.98,25.86,21.92,11.32,Spawners,10,19
18,"Williams, Darrel KCC RB",214.02,12.589,0.5,6.1,6.26,14.76,7.58,26.12,8.8,18.96,11.52,32.06,4.26,0,13.6,13.46,1.7,12.9,26.74,8.7,Bucklers,12,8
19,"Swift, D'Andre DET RB",213.72,16.44,25.4,13.06,24.8,9.68,23.68,19.08,31.46,4.24,0,18.6,22.5,1.24,0,0,0,0,5.72,14.26,Rockies,9,18
20,"Gordon, Melvin DEN RB",206.18,12.886,21.42,11.48,17.66,9.26,6.74,11.18,11.84,19.6,19.5,5.58,0,11.3,0,25.5,8.58,1.44,11.44,13.66,Lizards,11,5
21,"Dillon, AJ GBP RB",206.08,12.122,3.92,4.08,4.68,12.66,19.64,7,-2.28,9.4,14.44,31.62,16.44,20.76,0,10.6,11.48,8.9,23.9,8.84,Tuggers,13,0
22,"Singletary, Devin BUF RB",204.28,12.016,7.08,15.94,4.2,8.92,3.28,8.26,0,4.16,12.58,12.46,9.66,7.04,4.6,14.52,18.9,19.84,25.3,27.54,Butchers,7,4
23,"Mitchell, Elijah SFO RB",184.42,15.368,18.3,8.66,0,0,9.24,0,18.5,21.5,13.78,11.8,0,30.1,19.18,0,0,0,22.76,10.6,Hedgehogs,6,76
24,"Robinson, James JAC RB",184.12,13.151,7.14,10.02,24.66,21.78,22.88,20.98,0,5.82,0,19.22,12.54,14.44,3.46,1,18.88,1.3,0,0,Platypi - IR,7,18
25,"Gaskin, Myles MIA RB",180.44,10.614,12.62,8.36,10.74,0.5,31.84,3.2,17.8,9.34,16.08,7.24,19.82,19.98,7.7,0,6.4,2.76,2.8,3.26,Tuggers,14,11
26,"Henderson, Darrell LAR RB",174.36,14.53,17.82,18.74,0,17.12,19.12,27.54,10.54,23.38,8.58,7.2,0,17.98,0,0,4.54,1.8,0,0,Lizards,11,8
27,"Carter, Michael NYJ RB",170.6,12.186,3.74,12.64,5.1,10.96,15.5,0,17.52,34.9,12.62,20.38,8.02,0,0,0,3.42,15.36,7.64,2.8,Hedgehogs,6,2
28,"Pollard, Tony DAL RB",168.32,11.221,8.34,24.66,8.4,7.7,13.38,10.12,0,3.96,7.12,17.26,9.9,11.72,15.28,0,12.18,7.76,10.54,0,Lemmings,7,0
29,"Michel, Sony LAR RB",164.28,9.664,0.3,5.6,12.12,-0.6,12.58,5.1,0.6,8.34,10.66,5.16,0,3.96,23.28,9.9,15.68,22.94,20.8,7.86,Gunslingers,11,17
30,"Barkley, Saquon NYG RB",158.08,11.291,4.26,9.92,22.58,30.84,1.1,0,0,0,0,0,11.06,9.38,12.64,20.46,10.34,4.56,12.3,8.64,Cannons,10,29
31,"Edmonds, Chase ARI RB",154.86,12.905,16.38,12.54,15.04,18.24,7.44,7.14,11.54,17.44,0.4,0,0,0,0,0,5.9,28.56,14.24,0,Bucklers,12,17
32,"Hubbard, Chuba CAR RB",154.74,9.102,1.64,1.8,12.12,10.24,20.28,14.84,10.48,16.54,6.38,9.6,0,0.8,0,10.3,7.46,1.5,16.78,13.98,Alcoholics,13,84
33,"Booker, Devontae NYG RB",154.68,9.667,2.56,1.92,0,2.16,21.86,11.78,15.9,20.4,17.18,0,3.1,4.52,9.08,12.88,10.48,8.34,7.4,5.12,Cannons,10,65
34,"Freeman, Devonta BAL RB",154.3,9.644,0,3.1,1.1,0.5,7.14,12.2,13.3,0,16.84,9.68,20.46,8.58,22.3,11.48,3.62,9.78,9.66,4.56,Hedgehogs,8,6
35,"Davis, Mike ATL RB",145.54,8.561,11.58,12.2,11.4,11.62,12.88,0,1.4,11.32,3.5,2.2,5.1,7.6,17.52,14.72,2.7,5.12,13.9,0.78,Lizards,6,11
36,"McCaffrey, Christian CAR RB",139.48,19.926,30.64,28.5,6.24,0,0,0,0,0,15.24,26.36,28,4.5,0,0,0,0,0,0,Alcoholics - IR,13,37
37,"Mattison, Alexander MIN RB",138.98,8.686,1.44,4.62,26.24,3,27.7,1.3,0,0.9,1.38,6.34,0.8,10.92,24.14,3.3,0,19.54,4.08,3.28,Whiners,7,6
38,"McKissic, J.D. WAS RB",135.02,12.275,0.9,23.18,6,17.74,1.88,19.7,10.04,18.58,0,8.2,6.44,22.36,0,0,0,0,0,0,Cannons,9,1
39,"Penny, Rashaad SEA RB",133.48,13.348,1,0,0,0,0,0,1.5,1.4,0,0,2.1,0,9.32,27.96,6.8,21.2,34.9,27.3,Spawners,9,19
40,"Bolden, Brandon NEP RB",130.3,7.665,0.6,0,5.38,11.26,5.66,0.98,21.84,3,9.52,11.08,3.6,10.64,6.82,0,8.76,4.8,4.86,21.5,FA,14,0
41,"Williams, Jamaal DET RB",129.52,9.963,25.26,6.62,16.4,8,9.28,1.68,6.9,0,0,0,1.8,13.38,8.74,0,0,9.6,14.32,7.54,Rockies,9,2
42,"Gainwell, Kenneth PHI RB",128.88,8.055,12.56,7.88,6.92,21.68,3.58,0.66,15.06,4,6.5,2.64,0,6.62,20.38,0,0,1.46,0.5,18.44,Ball Hawks,14,15
43,"Edwards-Helaire, Clyde KCC RB",128.74,12.874,11.84,3.9,18.14,20.52,4.26,0,0,0,0,0,16.58,0,12.78,21,8.98,10.74,0,0,Martians,12,23
44,"Johnson, Ty NYJ RB",128.42,8.026,4.16,6.2,3.46,3.32,12.12,0,14.5,21.76,13.9,8.66,2.38,4.8,3.44,10.7,0,0,19.02,0,Cannons,6,1
45,"Sanders, Miles PHI RB",127.38,10.615,19.14,7.94,8.88,8.94,9.06,9.1,3.62,0,0,0,9,7.8,19.42,0,18.3,6.18,0,0,Tuggers,14,51
46,"Stevenson, Rhamondre NEP RB",126.58,10.548,0.24,0,0,0,3.4,16.54,0,4.7,15.24,28.24,9.56,5.5,10.2,0,3.74,0,24.6,4.62,Bucklers,14,3
47,"Ingram, Mark NOS RB",120.82,8.63,17.1,5.84,3.04,3,5.7,11.38,5.88,8.3,11.06,23.86,15.4,0,3.98,0,4.18,2.1,0,0,Alcoholics,6,1
48,"Hines, Nyheim IND RB",120.8,7.106,14.98,3.82,20.24,2.6,2.2,3.64,2.38,5.82,21.44,5.12,5.5,6.06,9.32,0,7.78,3.02,4.84,2.04,Martians,14,1
49,"Hunt, Kareem CLE RB",117.24,14.655,17.88,7.22,29.94,18.02,26.28,11.42,0,0,0,0,0,2.7,0,3.78,0,0,0,0,Alcoholics,13,0
50,"Murray, Latavius BAL RB",115,8.214,9.8,10.5,3.5,13.7,5.38,14.22,0,0,0,0,5.36,2.2,6.74,6.2,6.48,4.12,4.2,22.6,Gunslingers,8,0
51,"Drake, Kenyan LVR RB",113.26,9.438,13.64,11.46,9.98,0.3,1.3,23.04,17.4,0,17.6,5.4,6.26,5,1.88,0,0,0,0,0,Platypi - IR,8,1
52,"Moss, Zack BUF RB",113.12,8.702,0,15.68,19.76,13.5,15.1,4.6,0,11.94,4.78,9.4,0.8,0,5.82,0,0,4.08,4.4,3.26,FA,7,0
53,"Johnson, D'Ernest CLE RB",112.82,6.636,0,0,1.1,0,0,1.92,27.32,10.22,2.4,24.58,3.1,0,0,4.22,4.62,7.98,2.46,22.9,FA,13,0
54,"Burkhead, Rex HOU RB",112.76,7.048,1.46,0,1.3,0,0,0,0,13.92,1.1,0,5.8,9.72,6.7,11.26,7.16,30.1,12.42,11.82,Fonzi,10,1
55,"Foreman, D'Onta TEN RB",110.08,12.231,0,0,0,0,0,0,0,0,3.4,12.78,6.1,11.78,0,15.4,18.32,8.6,21.8,11.9,Rockies,13,1
56,"Scott, Boston PHI RB",105.78,6.611,0,0,1.8,0,0,0,10.4,19.2,5,14.04,3.52,14.18,0,0,0,11.3,26.34,0,Alcoholics,14,3
57,"Herbert, Khalil CHI RB",93.96,5.527,0,0,0,1,9.3,23,21.58,11.86,1.7,0,0.1,1.3,4.26,0.4,6.94,9.92,1.1,1.5,Spawners,10,13
58,"Abdullah, Ameer CAR RB",92.94,5.467,3.9,0,2.9,0.82,0.3,0,0,11,6.9,9.62,0.7,4.8,0,5.72,16.78,3.08,9.66,16.76,FA,13,0
59,"Jackson, Justin LAC RB",92.68,6.62,1.42,4.28,0.2,4.62,0,1.62,0,8.2,0,0,0.3,0,4.06,6.02,12.48,37.18,10,2.3,Fonzi,7,20
60,"Jones, Ronald TBB RB",88.14,5.509,-0.2,5.24,1.6,9.1,5.5,4.44,5.3,3.06,0,0,10.1,10.4,0.8,1.1,9.38,18.06,4.26,0,Platypi,9,1
61,"Perine, Samaje CIN RB",86.96,5.435,4.32,0,1.78,3.9,18.84,0,16.48,3.56,6.22,0,4.88,3.02,5.9,7.02,6.48,1.96,2.6,0,Whiners,10,8
62,"Johnson, David HOU RB",85.5,6.577,11.68,7.62,1.3,8.42,10.56,1.64,10.02,0.94,7.64,0,7.16,8.46,0,0,3.98,0,0,6.08,Bucklers - IR,10,3
63,"Collins, Alex SEA RB",80.32,7.302,0,2.6,1,17.84,11.2,18.12,7.04,5.4,0,6.88,4.6,2.68,0,2.96,0,0,0,0,FA,9,0
64,"McNichols, Jeremy FA RB",78.1,5.579,6.44,6.06,8.9,17.04,6.16,0,2.1,6.78,6.36,1.76,0,0,0,2.4,8.7,3.8,1.6,0,FA,13,0
65,"Juszczyk, Kyle SFO RB",77.36,4.551,1.62,3.7,15.82,8.56,7.2,0,0,2.26,3.24,1.46,1.62,6.92,4.36,1.3,8.16,8.7,2.44,0,FA,6,0
66,"Hilliard, Dontrell TEN RB",74.02,9.252,0,0,0,0,0,0,0,0,0,0,13.72,19.12,0,1.9,9.4,2.54,20.08,7.26,Platypi,13,33
67,"Howard, Jordan PHI RB",73.24,10.463,0,0,0,0,0,0,0,18.9,14.8,9.5,7.3,0,0,0,10.4,8.64,3.7,0,Fonzi,14,11
68,"Johnson, Duke MIA RB",68.66,13.732,0,0,0,0,0,0,0,0,0,0,2.2,0,0,0,28.6,5.2,11.16,21.5,FA,14,1
69,"Gore, Derrick KCC RB",63.5,5.773,0,0,0,0,0,0,1.62,11.9,3.06,2.5,0,0,0,18.18,0,16.76,5.78,3.7,FA,12,0
70,"Williams, Damien CHI RB",62.88,5.24,8.28,1.48,0,15.7,18.2,0,1.78,-0.1,0,0,0,0,0,2.64,0,2.12,0,12.78,FA,10,0
71,"Felton, Demetric CLE RB",61.06,3.816,0,17.16,3.08,2.92,0,3.24,6.36,3.14,4.02,0,2.5,0,0,4,4.06,0,0,10.58,FA,13,0
72,"Dallas, DeeJay SEA RB",60.88,3.581,1.9,0,0,0,7.22,9.88,0,0.7,0,0,9.72,7.52,0,1.8,14.16,7.58,0.2,0.2,FA,9,0
73,"Patterson, Jaret WAS RB",60.08,3.534,1.1,0,0,2.56,1.7,0.78,0,5.7,0,1.1,3,0.1,0.3,5.24,6.4,4.2,21.96,5.94,Platypi,9,7
74,"Homer, Travis SEA RB",59.56,4.254,0,3.24,9.18,0.6,3.18,7.72,1.5,2.28,0,5.48,0.5,0,17.9,0,0,0,3.3,4.68,FA,9,0
75,"Wilson, Jeffery SFO RB",57.76,6.418,0,0,0,0,0,0,0,0,0,3.8,6.68,1.52,0,6.9,23.54,15.32,0,0,Hedgehogs,6,1
76,"Coleman, Tevin NYJ RB",57.34,5.213,3.3,2.9,0,5.52,1.4,0,0,0,0,4.94,2.92,9.78,11.44,0,5.8,8.24,0,1.1,Butchers,6,4
77,"Bernard, Giovani TBB RB",55.78,4.648,2.92,3.56,18.66,0,11.74,1.64,1.8,10.82,0,1.64,0.98,0,2.02,0,0,0,0,0,FA,9,0
78,"Lindsay, Phillip MIA RB",54.9,3.921,9.3,10.72,1.2,0.3,2.4,8,1,1.1,3.6,0,-0.2,5.4,0,0,0,4.9,2.08,5.1,FA,14,0
79,"Ogunbowale, Dare JAC RB",54.74,3.22,0,0,0,0.5,3.54,0,0,3.04,1.34,0,0,0,0,1.8,1.5,16.8,16.62,9.6,Platypi,7,7
80,"Evans, Chris CIN RB",53.06,3.79,0,2.74,5.16,0,3.4,17.54,0,0,2.26,0,1.62,4.1,0,0,0,0.2,0,16.04,Whiners,10,8
81,"Barber, Peyton LVR RB",52.42,5.242,0,4.5,23.86,0.1,0,0,0,0,0,0,0.4,0,0.82,3.88,6.32,9.2,3.34,0,FA,8,0
82,"Carson, Chris SEA RB",52.24,13.06,14.36,16.4,16.52,4.96,0,0,0,0,0,0,0,0,0,0,0,0,0,0,FA,9,0
83,"Hyde, Carlos JAC RB",50.9,4.242,8.54,0.9,5.2,0,1.8,0,0,13.5,8.26,1.1,0,2.2,7.64,1.76,0,0,0,0,FA,7,0
84,"Hasty, JaMycal SFO RB",49.02,4.456,9.3,9.66,0,0,0,0,4.3,6.34,3.56,0,0,0,0,3.1,2.38,4.06,1.46,4.86,Butchers,6,21
85,"Breida, Matt BUF RB",46.12,5.124,0.8,0,0,0,0,0,0,0,0,18.12,8.66,15.14,1.7,1.5,0.2,0,0,0,FA,7,0
86,"Ahmed, Salvon MIA RB",45.02,3.752,5.54,2.3,0,3.32,4.26,5.8,8.46,4.36,1,2.74,0,4.14,3.1,0,0,0,0,0,FA,14,0
87,"Williams, Ty'Son BAL RB",43.94,3.38,19.54,10.56,2.7,0,4.4,0,6.04,0,0,0,0,0.2,0,0,0,0,0,0.5,FA,8,0
88,"Bell, Le'Veon FA RB",41.3,5.162,0,0,0,1.5,0,8.6,1.34,0,11.9,0.4,0,0,0,0,0,0.1,9.1,8.36,FA,9,0
89,"Reynolds, Craig DET RB",40.32,8.064,0,0,0,0,0,0,0,0,0,0,0,0,0,12.96,15.1,9.02,2.74,0.5,FA,9,0
90,"Freeman, Royce HOU RB",39.82,2.655,0,0,3.98,1.5,1.96,0.4,2.76,3.1,0,0,0,0,3.56,13.76,1.1,4.6,3.1,0,FA,10,0
91,"Vaughn, Ke'Shawn TBB RB",39.76,3.313,0,0,0,0,0,0,3.2,0,0,0,0.7,0,0,0,2.2,13.7,7.14,12.82,FA,9,0
92,"McKinnon, Jerick KCC RB",39.02,3.002,0,2.74,0,2,3.38,2.6,3.72,0,5.66,4.36,0,0,0,0,0,0,0,14.56,FA,12,0
93,"Penny, Elijhaa NYG RB",35.6,2.094,0,0.7,0.8,0,0.5,8.46,3.3,3.06,3.72,0,0,0,0,9.88,0,5.18,0,0,FA,10,0
94,"Benjamin, Eno ARI RB",32.92,3.658,0,0,0,0,0,0,0.9,0,10.8,4.8,3.4,0,2.72,0,0,0,0.5,9.8,FA,12,0
95,"Ham, C.J. MIN RB",32.6,1.918,2.44,0,0.4,0.2,2.94,3.1,0,2.08,4.82,3.58,0.1,3.06,3.54,0,0.98,3.08,0.66,1.62,FA,7,0
96,"Sermon, Trey SFO RB",32.46,3.607,0,0.9,11.58,10.8,0.8,0,0,0,0,0,8.38,0,0,0,0,0,0,0,FA,6,0
97,"White, James NEP RB",31.84,10.613,12.44,18.7,0.7,0,0,0,0,0,0,0,0,0,0,0,0,0,0,0,Fonzi - IR,14,2
98,"Clement, Corey DAL RB",30.94,1.82,0,0,0.3,0,0,0,0,0,0,3.9,0,0,0,6.52,0,2.2,0,18.02,FA,7,0
99,"Montgomery, Ty NOS RB",29.1,2.079,1.3,0.98,0,9.12,0,0,0.5,1.14,0,0.3,0,9.46,5.94,0,0,0,-0.3,0.66,FA,6,0
100,"Peterson, Adrian FA RB",28.88,7.22,0,0,0,0,0,0,0,0,10.4,3.24,8.54,0,6.7,0,0,0,0,0,Gunslingers,9,61
101,"Igwebuike, Godwin DET RB",28.7,1.688,0,0,0,0,0,0,0,10,0,11.8,-0.14,1.2,3.58,1.3,0.96,0,0,0,FA,9,0
102,"Ingold, Alec LVR RB",27,3,5.52,0,8.86,0,0,0,5.34,0,5.98,1.3,0,0,0,0,0,0,0,0,FA,8,0
103,"Jones, Tony NOS RB",26.74,2.431,7.08,1,4,1.12,0,0,0,0,0,0,0.5,4.3,0,5.14,0,0.8,-0.1,2.9,FA,6,0
104,"Jefferson, Jermar DET RB",26.58,3.797,0,0,0,0,0,0,0,12.48,0,10.4,0,0,2.3,0,1.4,0,0,0,FA,9,0
105,"Brown, Malcolm MIA RB",24.9,3.557,2.1,2.6,9.8,4.24,0,4.52,1.64,0,0,0,0,0,0,0,0,0,0,0,FA,14,18
106,"Williams, Jonathan WAS RB",24.08,4.816,0,0,0,0,0,0,0,0,0,0,0,0,0,11.54,0.6,2.02,2.72,7.2,FA,9,0
107,"Richard, Jalen LVR RB",22.42,2.242,0,0,0,0,1.14,1.08,5.42,0,3.88,0.98,0,0,0,0,0,1.8,4.04,4.08,FA,8,0
108,"Walter, Austin NYJ RB",21.14,5.285,0,0,0,0,0,0,0,0,0,0,0,10.7,2.74,0,1.4,0,6.3,0,FA,6,0
109,"Ricard, Patrick BAL RB",20.68,1.591,3.4,0.3,0,1.14,0,0,0,0,13.1,0,0.3,0.5,1.94,0,0,0,0,0,FA,8,0
110,"Ollison, Qadree ATL RB",20.52,2.565,0,0,0,0,0,0,0,0,0,0,5.3,0,2.68,0.8,1.54,0,2.2,8,FA,6,0
111,"Kelley, Joshua LAC RB",20.08,2.008,0,0,0,0,1.9,1.1,0,0,2.04,0.7,0,4,0,5.6,0.8,3.94,0,0,FA,7,0
112,"Taylor, J.J. NEP RB",18.88,3.776,0,0.5,1.78,-1.4,0,0,16.3,0,0,1.7,0,0,0,0,0,0,0,0,FA,14,1
113,"Taylor, Patrick GBP RB",18.68,2.076,0,0,0,0,0,0,0,0,0,0.9,1.5,0,0,0,0,0,2.4,13.88,FA,13,0
114,"Rountree, Larry LAC RB",18.64,1.434,3.5,0.34,0.7,4.2,0,0,0,1.5,0.2,7.5,0.7,0,0,0,0,0,0,0,FA,7,0
115,"Smith, Keith ATL RB",17.46,1.027,5.88,0.5,0,0.3,0,0,1.46,0,0,0.6,3.36,3.56,0.82,0,0,0,0,0.98,FA,6,0
116,"Gallman, Wayne MIN RB",17.06,1.706,0,0,0,3.5,0.3,0,0.3,0,0,10.86,-0.2,2.3,0,0,0,0,0,0,FA,7,0
117,"Snell, Benny PIT RB",16.48,0.969,0,0.3,0,0.1,2.5,0,0,1.62,0.8,0.5,0.9,0.7,1.5,-0.1,0,3.96,0.3,3.4,FA,7,85
118,"Burton, Michael KCC RB",15.86,0.991,0.3,2.26,0,0.6,0.3,0,0,0,0,0,0,0,0.4,0.4,11,0.3,0.3,0,FA,12,0
119,"Mack, Marlon IND RB",15.18,2.53,0,2.1,0,3.86,6.82,1.7,0.7,0,0,0,0,0,0,0,0,0,0,0,FA,14,0
120,"Armstead, Ryquell JAC RB",13.56,6.78,0,0,0,0,0,0,0,0,0,0,0,0,0,0,0,0,4.86,8.7,FA,7,0
121,"Ward, Jonathan ARI RB",11.14,0.857,0,0,0,0,0,1.8,0.8,0,0,0,0,0,0,0,2.64,0.4,4.68,0.82,FA,12,0
122,"Nwangwu, Kene MIN RB",10.84,0.985,0,0,0,0,0,0,0,0,1,0,0,0.8,1.84,0,3.6,3.1,0,0.5,FA,7,0
123,"Jackson, Deon IND RB",10.4,1.156,0,0,0,0,0,0,0,0,0,0,1.8,0,8.5,0,0,0,0.1,0,FA,14,0
124,"Smith, Rodney FA RB",10.18,5.09,0,0,0,10.18,0,0,0,0,0,0,0,0,0,0,0,0,0,0,FA,13,0
125,"Janovich, Andy CLE RB",10.14,0.78,0,6.2,0,1,0,0,0,0,0,0,0,0,0,0.98,0,1.96,0,0,FA,13,0
126,"Hardy, JaQuan DAL RB",9.3,3.1,0,0,0,0,0,0,0,0,0,0,0,0,0,0.4,0,0,0,8.9,FA,7,0
127,"Armah, Alexander WAS RB",9.26,0.772,0,0,0.6,0.3,0,0,0.3,6.66,1.4,0,0,0,0,0,0,0,0,0,FA,9,0
128,"Stanton, Johnny CLE RB",8.92,2.23,0,0,0,0,0,1.46,7.36,0,0,0.1,0,0,0,0,0,0,0,0,FA,13,0
129,"Johnson, Jakob NEP RB",8.88,0.522,0,0,0,0,0,0,6.12,0.82,0,0,0,0,0,0,0,1.94,0,0,FA,14,0
130,"Smallwood, Wendell FA RB",8.52,2.84,0,0,0,0,0,0,0,0,0,0,0,0,4.32,0,0,0,4.2,0,FA,9,0
131,"Boone, Mike DEN RB",8.42,1.052,0,0,0,0,0,0.98,0,0,0,0,0,0,7.44,0,0,0,0,0,FA,11,0
132,"Williams, Trayveon CIN RB",7.74,1.548,0,0,0,0,0,1.9,0,0,0,0,0,0,0,0,0,0,0,5.84,FA,10,0
133,"Ballage, Kalen PIT RB",7.08,0.416,0,0,0,0,0.4,1.7,0,-0.2,0.82,0,0.4,3.86,0,0,0,0,0,0.1,FA,7,1
134,"Smith, Ito DAL RB",6.5,6.5,0,0,0,0,0,0,0,0,0,0,0,0,0,0,0,0,0,6.5,FA,7,0
135,"Huntley, Jason PHI RB",6.4,6.4,0,0,0,0,0,0,0,0,0,0,0,0,0,0,0,0,0,6.4,FA,14,0
136,"Nabers, Gabe LAC RB",5.32,0.532,0.3,0,2.76,0,0,1.46,0,0,0,0,0,0,0,0,0.5,0,0.3,0,FA,7,0
137,"Samuels, Jaylen ARI RB",5.14,1.713,0,0,0,0,0,0,0,0,0,0,0,0,0.4,0,0,0,4.74,0,FA,10,0
138,"Washington, Dwayne NOS RB",4.92,0.351,0,0,0,2.06,0,0,0,0,0,1,1.86,0,0,0,0,0,0,0,FA,6,0
139,"Prentice, Adam NOS RB",4.86,0.694,0,0,0,0,0,0,0,0,0,0,0,2.1,0,0,0,0.3,1.44,1.02,FA,6,0
140,"Laird, Patrick MIA RB",4.72,0.787,0,0,0,0,0,0,0,2.1,0,0.82,1.8,0,0,0,0,0,0,0,FA,14,2
141,"Hill, Kylin GBP RB",4.7,0.588,1.9,1,0,0,1.3,0,0.5,0,0,0,0,0,0,0,0,0,0,0,FA,13,0
142,"Phillips, Scottie HOU RB",4.34,1.085,0,0,0,0,0,0,0,4.04,0.3,0,0,0,0,0,0,0,0,0,FA,10,0
143,"Watt, Derek PIT RB",4.1,0.241,0,0,0.98,0,0,0,0,0,0.98,1.94,0,0,0,0,0,0,0.2,0,FA,7,0
144,"Akers, Cam LAR RB",3.9,1.95,0,0,0,0,0,0,0,0,0,0,0,0,0,0,0,0,0,3.9,Platypi - IR,11,1
145,"Perine, Lamical NYJ RB",3.9,0.975,0,0,0,0,0,0,0,0.4,0,0,0,0,0,3.5,0,0,0,0,Whiners,6,0
146,"Bawden, Nick NYJ RB",3.7,0.463,0,0,0,0,0,0,0,0,0,0,3.7,0,0,0,0,0,0,0,FA,6,0
147,"Evans, Darrynton TEN RB",3.66,1.83,0,0,0,0,0,0,3.66,0,0,0,0,0,0,0,0,0,0,0,FA,13,0
148,"Bonnafon, Reggie WAS RB",3.42,0.855,0,0,0,0,0,0,0,0,0,0,0,0,0,0,0,3.42,0,0,FA,13,1
149,"Ragas, Trey LVR RB",2.96,2.96,0,0,0,0,0,0,0,0,0,0,0,0,0,2.96,0,0,0,0,FA,8,0
150,"McFarland, Anthony PIT RB",2.86,1.43,0,0,0,0,0,0,0,0.2,0,0,0,2.66,0,0,0,0,0,0,FA,7,0
151,"Mostert, Raheem SFO RB",2.2,2.2,2.2,0,0,0,0,0,0,0,0,0,0,0,0,0,0,0,0,0,FA,6,0
152,"Brightwell, Gary NYG RB",1.96,0.151,1.46,0,0.5,0,0,0,0,0,0,0,0,0,0,0,0,0,0,0,FA,10,0
153,"Nall, Ryan CHI RB",1.64,0.182,0,0,0,0,0,0,1.14,0.5,0,0,0,0,0,0,0,0,0,0,FA,10,0
154,"Howell, Buddy LAR RB",1.6,0.16,0,0,0,0,0,0,0,1.6,0,0,0,0,0,0,0,0,0,0,FA,11,0
155,"Sargent, Mekhi JAC RB",1.6,0.2,0.3,0,0.3,0,0,0,0,0,0,0,0,0,0.7,0,0,0,0,0.3,FA,7,0
156,"Kelly, John CLE RB",1.5,0.375,0,0,0,0,0,0,1.5,0,0,0,0,0,0,0,0,0,0,0,FA,13,0
157,"Ozigbo, Devine NEP RB",1.42,0.473,0,0,0,0,0,0,1.42,0,0,0,0,0,0,0,0,0,0,0,FA,7,0
158,"Patrick, Jacques FA RB",1.4,0.7,0,0,0,1.4,0,0,0,0,0,0,0,0,0,0,0,0,0,0,FA,6,0
159,"Bellore, Nick SEA RB",1.14,0.067,0,0,0,0,0,0,0,0,0,0,0,0,0,1.14,0,0,0,0,FA,9,0
160,"Crockett, Damarea DEN RB",1,0.083,0,0,1,0,0,0,0,0,0,0,0,0,0,0,0,0,0,0,FA,11,0
161,"Cannon, Trenton SFO RB",0.7,0.058,0.7,0,0,0,0,0,0,0,0,0,0,0,0,0,0,0,0,0,FA,6,0
162,"Funk, Jake LAR RB",0.7,0.07,0,0,0.7,0,0,0,0,0,0,0,0,0,0,0,0,0,0,0,FA,11,0
163,"Blasingame, Khari TEN RB",0.54,0.049,0,0,0,0,0,0,0,0,0,0,0,-1.1,0,0,0,0.34,0,1.3,FA,13,0
164,"Barner, Kenjon TBB RB",0.4,0.133,0,0,0,0,0,0,0,0,0,0,0,0,0,0,0,0,0,0.4,FA,9,0
165,"Cottrell, Nathan JAC RB",0.4,0.1,0,0,0,0,0,0,0,0,0,0,0,0,0,0,0,0.4,0,0,FA,7,0
166,"Adams, Josh NOS RB",0,0,0,0,0,0,0,0,0,0,0,0,0,0,0,0,0,0,0,0,FA,6,11
167,"Bradwell, Darius CAR RB",0,0,0,0,0,0,0,0,0,0,0,0,0,0,0,0,0,0,0,0,FA,7,0
168,"Brown, Spencer CAR RB",0,0,0,0,0,0,0,0,0,0,0,0,0,0,0,0,0,0,0,0,FA,13,0
169,"Carter, Tory TEN RB",0,0,0,0,0,0,0,0,0,0,0,0,0,0,0,0,0,0,0,0,FA,13,0
170,"Cohen, Tarik CHI RB",0,0,0,0,0,0,0,0,0,0,0,0,0,0,0,0,0,0,0,0,Hedgehogs - IR,10,0
171,"Doaks, Gerrid MIA RB",0,0,0,0,0,0,0,0,0,0,0,0,0,0,0,0,0,0,0,0,FA,14,0
172,"Edmunds, Trey PIT RB",0,0,0,0,0,0,0,0,0,0,0,0,0,0,0,0,0,0,0,0,FA,7,0
173,"Gillaspia, Cullen NYG RB",0,0,0,0,0,0,0,0,0,0,0,0,0,0,0,0,0,0,0,0,FA,10,0
174,"Hill, Brian FA RB",0,0,0,0,0,0,0,0,0,0,0,0,0,0,0,0,0,0,0,0,FA,6,5
175,"Johnson, Josh SEA RB",0,0,0,0,0,0,0,0,0,0,0,0,0,0,0,0,0,0,0,0,FA,9,0
176,"Johnson, Kerryon FA RB",0,0,0,0,0,0,0,0,0,0,0,0,0,0,0,0,0,0,0,0,FA,6,0
177,"Jones, Taiwan BUF RB",0,0,0,0,0,0,0,0,0,0,0,0,0,0,0,0,0,0,0,0,FA,7,0
178,"McCrary, Nate BAL RB",0,0,0,0,0,0,0,0,0,0,0,0,0,0,0,0,0,0,0,0,FA,8,0
179,"McGuire, Elijah FA RB",0,0,0,0,0,0,0,0,0,0,0,0,0,0,0,0,0,0,0,0,FA,12,3
180,"Olonilua, Sewo DAL RB",0,0,0,0,0,0,0,0,0,0,0,0,0,0,0,0,0,0,0,0,FA,7,0
181,"Pierce, Artavis FA RB",0,0,0,0,0,0,0,0,0,0,0,0,0,0,0,0,0,0,0,0,FA,10,0
182,"Platzgummer, Sandro FA RB",0,0,0,0,0,0,0,0,0,0,0,0,0,0,0,0,0,0,0,0,FA,10,0
183,"Scarlett, Jordan FA RB",0,0,0,0,0,0,0,0,0,0,0,0,0,0,0,0,0,0,0,0,FA,14,0
184,"Smith, Sutton LVR RB",0,0,0,0,0,0,0,0,0,0,0,0,0,0,0,0,0,0,0,0,FA,8,0
185,"Thompson, Darwin KCC RB",0,0,0,0,0,0,0,0,0,0,0,0,0,0,0,0,0,0,0,0,FA,9,1
186,"Wilkins, Jordan FA RB",0,0,0,0,0,0,0,0,0,0,0,0,0,0,0,0,0,0,0,0,Lemmings,13,0
187,"Williams, Pooka FA RB",0,0,0,0,0,0,0,0,0,0,0,0,0,0,0,0,0,0,0,0,FA,10