Position,Name + ID,Name,ID,Roster Position,Salary,Game Info,TeamAbbrev,AvgPointsPerGame
RB,Todd Gurley II (11788550),Todd Gurley II,11788550,RB/FLEX,9500,PHI@LAR 12/16/2018 08:20PM ET,LAR,27.44
RB,Saquon Barkley (11788851),Saquon Barkley,11788851,RB/FLEX,9400,TEN@NYG 12/16/2018 01:00PM ET,NYG,27.02
RB,Ezekiel Elliott (11788613),Ezekiel Elliott,11788613,RB/FLEX,9000,DAL@IND 12/16/2018 01:00PM ET,DAL,24.26
RB,Christian McCaffrey (11788769),Christian McCaffrey,11788769,RB/FLEX,8700,NO@CAR 12/17/2018 08:15PM ET,CAR,26.21
WR,Adam Thielen (11788619),Adam Thielen,11788619,WR/FLEX,8600,MIA@MIN 12/16/2018 01:00PM ET,MIN,23.95
WR,Michael Thomas (11788500),Michael Thomas,11788500,WR/FLEX,8600,NO@CAR 12/17/2018 08:15PM ET,NO,21.45
WR,Antonio Brown (11788191),Antonio Brown,11788191,WR/FLEX,8500,NE@PIT 12/16/2018 04:25PM ET,PIT,21.25
WR,Julio Jones (11788200),Julio Jones,11788200,WR/FLEX,8400,ARI@ATL 12/16/2018 01:00PM ET,ATL,22.55
WR,Odell Beckham Jr. (11788384),Odell Beckham Jr.,11788384,WR/FLEX,8100,TEN@NYG 12/16/2018 01:00PM ET,NYG,20.53
WR,JuJu Smith-Schuster (11788795),JuJu Smith-Schuster,11788795,WR/FLEX,8000,NE@PIT 12/16/2018 04:25PM ET,PIT,21.13
WR,Davante Adams (11788480),Davante Adams,11788480,WR/FLEX,7900,GB@CHI 12/16/2018 01:00PM ET,GB,22.74
RB,Alvin Kamara (11788703),Alvin Kamara,11788703,RB/FLEX,7800,NO@CAR 12/17/2018 08:15PM ET,NO,24.11
WR,Stefon Diggs (11788545),Stefon Diggs,11788545,WR/FLEX,7600,MIA@MIN 12/16/2018 01:00PM ET,MIN,19.57
RB,Leonard Fournette (11788750),Leonard Fournette,11788750,RB/FLEX,7500,WAS@JAX 12/16/2018 01:00PM ET,JAX,15.82
WR,Amari Cooper (11788490),Amari Cooper,11788490,WR/FLEX,7500,DAL@IND 12/16/2018 01:00PM ET,DAL,17.34
RB,James Conner (11788648),James Conner,11788648,RB/FLEX,7400,NE@PIT 12/16/2018 04:25PM ET,PIT,23.72
WR,Robert Woods (11788348),Robert Woods,11788348,WR/FLEX,7400,PHI@LAR 12/16/2018 08:20PM ET,LAR,17.34
WR,Brandin Cooks (11788466),Brandin Cooks,11788466,WR/FLEX,7300,PHI@LAR 12/16/2018 08:20PM ET,LAR,16.45
WR,Julian Edelman (11788138),Julian Edelman,11788138,WR/FLEX,7200,NE@PIT 12/16/2018 04:25PM ET,NE,17.57
RB,David Johnson (11788327),David Johnson,11788327,RB/FLEX,7100,ARI@ATL 12/16/2018 01:00PM ET,ARI,15.92
WR,T.Y. Hilton (11788240),T.Y. Hilton,11788240,WR/FLEX,6800,DAL@IND 12/16/2018 01:00PM ET,IND,18.96
WR,Mike Evans (11788407),Mike Evans,11788407,WR/FLEX,6700,TB@BAL 12/16/2018 01:00PM ET,TB,18.75
QB,Russell Wilson (11788178),Russell Wilson,11788178,QB,6700,SEA@SF 12/16/2018 04:05PM ET,SEA,19.62
RB,Aaron Jones (11788636),Aaron Jones,11788636,RB/FLEX,6600,GB@CHI 12/16/2018 01:00PM ET,GB,15.87
QB,Ben Roethlisberger (11788092),Ben Roethlisberger,11788092,QB,6600,NE@PIT 12/16/2018 04:25PM ET,PIT,24.72
RB,Dalvin Cook (11788767),Dalvin Cook,11788767,RB/FLEX,6500,MIA@MIN 12/16/2018 01:00PM ET,MIN,12.61
TE,Zach Ertz (11788271),Zach Ertz,11788271,TE/FLEX,6500,PHI@LAR 12/16/2018 08:20PM ET,PHI,19.05
QB,Drew Brees (11788064),Drew Brees,11788064,QB,6500,NO@CAR 12/17/2018 08:15PM ET,NO,23.24
QB,Andrew Luck (11788216),Andrew Luck,11788216,QB,6400,DAL@IND 12/16/2018 01:00PM ET,IND,23.50
WR,Josh Gordon (11788278),Josh Gordon,11788278,WR/FLEX,6400,NE@PIT 12/16/2018 04:25PM ET,NE,12.89
QB,Jared Goff (11788599),Jared Goff,11788599,QB,6400,PHI@LAR 12/16/2018 08:20PM ET,LAR,22.57
RB,Tarik Cohen (11788716),Tarik Cohen,11788716,RB/FLEX,6300,GB@CHI 12/16/2018 01:00PM ET,CHI,16.41
TE,George Kittle (11788621),George Kittle,11788621,TE/FLEX,6300,SEA@SF 12/16/2018 04:05PM ET,SF,16.56
QB,Kirk Cousins (11788188),Kirk Cousins,11788188,QB,6200,MIA@MIN 12/16/2018 01:00PM ET,MIN,20.51
WR,Tyler Lockett (11788434),Tyler Lockett,11788434,WR/FLEX,6200,SEA@SF 12/16/2018 04:05PM ET,SEA,14.54
QB,Matt Ryan (11788079),Matt Ryan,11788079,QB,6100,ARI@ATL 12/16/2018 01:00PM ET,ATL,24.01
RB,Joe Mixon (11788738),Joe Mixon,11788738,RB/FLEX,6100,OAK@CIN 12/16/2018 01:00PM ET,CIN,18.26
QB,Mitchell Trubisky (11788612),Mitchell Trubisky,11788612,QB,6000,GB@CHI 12/16/2018 01:00PM ET,CHI,22.52
QB,Lamar Jackson (11788836),Lamar Jackson,11788836,QB,5900,TB@BAL 12/16/2018 01:00PM ET,BAL,8.20
TE,Eric Ebron (11788442),Eric Ebron,11788442,TE/FLEX,5900,DAL@IND 12/16/2018 01:00PM ET,IND,15.58
QB,Tom Brady (11788063),Tom Brady,11788063,QB,5900,NE@PIT 12/16/2018 04:25PM ET,NE,20.16
QB,Cam Newton (11788146),Cam Newton,11788146,QB,5900,NO@CAR 12/17/2018 08:15PM ET,CAR,22.99
QB,Josh Allen (11788832),Josh Allen,11788832,QB,5800,DET@BUF 12/16/2018 01:00PM ET,BUF,17.02
TE,Rob Gronkowski (11788148),Rob Gronkowski,11788148,TE/FLEX,5800,NE@PIT 12/16/2018 04:25PM ET,NE,12.97
WR,D.J. Moore (11788837),D.J. Moore,11788837,WR/FLEX,5800,NO@CAR 12/17/2018 08:15PM ET,CAR,10.97
QB,Aaron Rodgers (11788074),Aaron Rodgers,11788074,QB,5700,GB@CHI 12/16/2018 01:00PM ET,GB,20.63
WR,Tyler Boyd (11788646),Tyler Boyd,11788646,WR/FLEX,5700,OAK@CIN 12/16/2018 01:00PM ET,CIN,16.64
RB,James White (11788350),James White,11788350,RB/FLEX,5700,NE@PIT 12/16/2018 04:25PM ET,NE,18.28
QB,Jameis Winston (11788522),Jameis Winston,11788522,QB,5600,TB@BAL 12/16/2018 01:00PM ET,TB,21.07
TE,Jared Cook (11788114),Jared Cook,11788114,TE/FLEX,5600,OAK@CIN 12/16/2018 01:00PM ET,OAK,14.73
WR,Corey Davis (11788615),Corey Davis,11788615,WR/FLEX,5600,TEN@NYG 12/16/2018 01:00PM ET,TEN,12.76
RB,Chris Carson (11788849),Chris Carson,11788849,RB/FLEX,5600,SEA@SF 12/16/2018 04:05PM ET,SEA,12.92
WR,Alshon Jeffery (11788280),Alshon Jeffery,11788280,WR/FLEX,5600,PHI@LAR 12/16/2018 08:20PM ET,PHI,13.62
QB,Carson Wentz (11788484),Carson Wentz,11788484,QB,5600,PHI@LAR 12/16/2018 08:20PM ET,PHI,20.15
RB,Mark Ingram (11788198),Mark Ingram,11788198,RB/FLEX,5600,NO@CAR 12/17/2018 08:15PM ET,NO,13.61
WR,Allen Robinson II (11788476),Allen Robinson II,11788476,WR/FLEX,5500,GB@CHI 12/16/2018 01:00PM ET,CHI,12.23
QB,Dak Prescott (11788395),Dak Prescott,11788395,QB,5500,DAL@IND 12/16/2018 01:00PM ET,DAL,18.89
WR,Kenny Golladay (11788579),Kenny Golladay,11788579,WR/FLEX,5400,DET@BUF 12/16/2018 01:00PM ET,DET,13.82
QB,Derek Carr (11788257),Derek Carr,11788257,QB,5400,OAK@CIN 12/16/2018 01:00PM ET,OAK,17.03
RB,Sony Michel (11788760),Sony Michel,11788760,RB/FLEX,5400,NE@PIT 12/16/2018 04:25PM ET,NE,12.06
RB,Kerryon Johnson (11788845),Kerryon Johnson,11788845,RB/FLEX,5300,DET@BUF 12/16/2018 01:00PM ET,DET,14.64
QB,Joe Flacco (11788082),Joe Flacco,11788082,QB,5300,TB@BAL 12/16/2018 01:00PM ET,BAL,16.68
WR,Doug Baldwin (11788168),Doug Baldwin,11788168,WR/FLEX,5300,SEA@SF 12/16/2018 04:05PM ET,SEA,8.78
QB,Eli Manning (11788089),Eli Manning,11788089,QB,5200,TEN@NYG 12/16/2018 01:00PM ET,NYG,16.55
RB,Jaylen Samuels (11788781),Jaylen Samuels,11788781,RB/FLEX,5200,NE@PIT 12/16/2018 04:25PM ET,PIT,3.97
WR,Adam Humphries (11788422),Adam Humphries,11788422,WR/FLEX,5100,TB@BAL 12/16/2018 01:00PM ET,TB,11.76
QB,Jeff Driskel (11788400),Jeff Driskel,11788400,QB,5100,OAK@CIN 12/16/2018 01:00PM ET,CIN,9.03
QB,Marcus Mariota (11788465),Marcus Mariota,11788465,QB,5100,TEN@NYG 12/16/2018 01:00PM ET,TEN,15.18
QB,Matthew Stafford (11788123),Matthew Stafford,11788123,QB,5000,DET@BUF 12/16/2018 01:00PM ET,DET,15.44
WR,Calvin Ridley (11788855),Calvin Ridley,11788855,WR/FLEX,5000,ARI@ATL 12/16/2018 01:00PM ET,ATL,13.03
RB,Derrick Henry (11788617),Derrick Henry,11788617,RB/FLEX,5000,TEN@NYG 12/16/2018 01:00PM ET,TEN,11.33
WR,Chris Godwin (11788789),Chris Godwin,11788789,WR/FLEX,4900,TB@BAL 12/16/2018 01:00PM ET,TB,11.99
QB,Ryan Tannehill (11788147),Ryan Tannehill,11788147,QB,4900,MIA@MIN 12/16/2018 01:00PM ET,MIA,16.18
RB,LeSean McCoy (11788160),LeSean McCoy,11788160,RB/FLEX,4800,DET@BUF 12/16/2018 01:00PM ET,BUF,9.41
WR,DeSean Jackson (11788120),DeSean Jackson,11788120,WR/FLEX,4800,TB@BAL 12/16/2018 01:00PM ET,TB,14.23
QB,Nick Mullens (11788680),Nick Mullens,11788680,QB,4800,SEA@SF 12/16/2018 04:05PM ET,SF,18.79
WR,Golden Tate (11788172),Golden Tate,11788172,WR/FLEX,4800,PHI@LAR 12/16/2018 08:20PM ET,PHI,14.08
RB,Josh Adams (11788857),Josh Adams,11788857,RB/FLEX,4800,PHI@LAR 12/16/2018 08:20PM ET,PHI,5.61
WR,Larry Fitzgerald (11788090),Larry Fitzgerald,11788090,WR/FLEX,4700,ARI@ATL 12/16/2018 01:00PM ET,ARI,11.02
QB,Josh Rosen (11788833),Josh Rosen,11788833,QB,4700,ARI@ATL 12/16/2018 01:00PM ET,ARI,10.23
RB,Doug Martin (11788152),Doug Martin,11788152,RB/FLEX,4700,OAK@CIN 12/16/2018 01:00PM ET,OAK,6.95
QB,Cody Kessler (11788396),Cody Kessler,11788396,QB,4700,WAS@JAX 12/16/2018 01:00PM ET,JAX,11.05
RB,Matt Breida (11788695),Matt Breida,11788695,RB/FLEX,4700,SEA@SF 12/16/2018 04:05PM ET,SF,12.86
WR,Josh Reynolds (11788754),Josh Reynolds,11788754,WR/FLEX,4700,PHI@LAR 12/16/2018 08:20PM ET,LAR,4.62
WR,Mohamed Sanu (11788250),Mohamed Sanu,11788250,WR/FLEX,4600,ARI@ATL 12/16/2018 01:00PM ET,ATL,10.53
RB,Devonta Freeman (11788401),Devonta Freeman,11788401,RB/FLEX,4600,ARI@ATL 12/16/2018 01:00PM ET,ATL,7.05
RB,Dion Lewis (11788253),Dion Lewis,11788253,RB/FLEX,4600,TEN@NYG 12/16/2018 01:00PM ET,TEN,11.04
RB,Jeff Wilson Jr. (11788785),Jeff Wilson Jr.,11788785,RB/FLEX,4600,SEA@SF 12/16/2018 04:05PM ET,SF,12.03
QB,Chase Daniel (11788117),Chase Daniel,11788117,QB,4500,GB@CHI 12/16/2018 01:00PM ET,CHI,6.54
QB,Ryan Fitzpatrick (11788069),Ryan Fitzpatrick,11788069,QB,4500,TB@BAL 12/16/2018 01:00PM ET,TB,23.86
QB,Robert Griffin III (11788197),Robert Griffin III,11788197,QB,4500,TB@BAL 12/16/2018 01:00PM ET,BAL,0.28
QB,Blake Bortles (11788375),Blake Bortles,11788375,QB,4500,WAS@JAX 12/16/2018 01:00PM ET,JAX,17.40
WR,Dede Westbrook (11788828),Dede Westbrook,11788828,WR/FLEX,4500,WAS@JAX 12/16/2018 01:00PM ET,JAX,12
RB,Marlon Mack (11788820),Marlon Mack,11788820,RB/FLEX,4500,DAL@IND 12/16/2018 01:00PM ET,IND,14.29
WR,Marquise Goodwin (11788284),Marquise Goodwin,11788284,WR/FLEX,4500,SEA@SF 12/16/2018 04:05PM ET,SF,9.2
QB,Brett Hundley (11788386),Brett Hundley,11788386,QB,4500,SEA@SF 12/16/2018 04:05PM ET,SEA,0
QB,Joshua Dobbs (11788635),Joshua Dobbs,11788635,QB,4500,NE@PIT 12/16/2018 04:25PM ET,PIT,0.36
QB,Mason Rudolph (11788764),Mason Rudolph,11788764,QB,4500,NE@PIT 12/16/2018 04:25PM ET,PIT,0
QB,Nick Foles (11788187),Nick Foles,11788187,QB,4500,PHI@LAR 12/16/2018 08:20PM ET,PHI,12.87
WR,Randall Cobb (11788233),Randall Cobb,11788233,WR/FLEX,4400,GB@CHI 12/16/2018 01:00PM ET,GB,11.51
QB,Matt Barkley (11788252),Matt Barkley,11788252,QB,4400,DET@BUF 12/16/2018 01:00PM ET,BUF,17.08
RB,Theo Riddick (11788293),Theo Riddick,11788293,RB/FLEX,4400,DET@BUF 12/16/2018 01:00PM ET,DET,9.27
WR,John Brown (11788246),John Brown,11788246,WR/FLEX,4400,TB@BAL 12/16/2018 01:00PM ET,BAL,10.89
RB,Gus Edwards (11788631),Gus Edwards,11788631,RB/FLEX,4400,TB@BAL 12/16/2018 01:00PM ET,BAL,7.54
WR,Sterling Shepard (11788520),Sterling Shepard,11788520,WR/FLEX,4400,TEN@NYG 12/16/2018 01:00PM ET,NYG,11.63
RB,Chris Thompson (11788295),Chris Thompson,11788295,RB/FLEX,4400,WAS@JAX 12/16/2018 01:00PM ET,WAS,11.16
QB,C.J. Beathard (11788525),C.J. Beathard,11788525,QB,4400,SEA@SF 12/16/2018 04:05PM ET,SF,14.66
WR,Dante Pettis (11788807),Dante Pettis,11788807,WR/FLEX,4400,SEA@SF 12/16/2018 04:05PM ET,SF,8.81
QB,Brian Hoyer (11788100),Brian Hoyer,11788100,QB,4400,NE@PIT 12/16/2018 04:25PM ET,NE,-0.01
QB,Teddy Bridgewater (11788397),Teddy Bridgewater,11788397,QB,4400,NO@CAR 12/17/2018 08:15PM ET,NO,-0.18
WR,Devin Funchess (11788567),Devin Funchess,11788567,WR/FLEX,4400,NO@CAR 12/17/2018 08:15PM ET,CAR,9.88
WR,Anthony Miller (11788683),Anthony Miller,11788683,WR/FLEX,4300,GB@CHI 12/16/2018 01:00PM ET,CHI,9.23
QB,DeShone Kizer (11788817),DeShone Kizer,11788817,QB,4300,GB@CHI 12/16/2018 01:00PM ET,GB,0.05
WR,Robert Foster (11788701),Robert Foster,11788701,WR/FLEX,4300,DET@BUF 12/16/2018 01:00PM ET,BUF,6.3
WR,Michael Crabtree (11788128),Michael Crabtree,11788128,WR/FLEX,4300,TB@BAL 12/16/2018 01:00PM ET,BAL,9.67
QB,Brock Osweiler (11788260),Brock Osweiler,11788260,QB,4300,MIA@MIN 12/16/2018 01:00PM ET,MIA,10.85
WR,Kenny Stills (11788310),Kenny Stills,11788310,WR/FLEX,4300,MIA@MIN 12/16/2018 01:00PM ET,MIA,10.53
QB,Trevor Siemian (11788320),Trevor Siemian,11788320,QB,4300,MIA@MIN 12/16/2018 01:00PM ET,MIN,0
QB,Josh Johnson (11788105),Josh Johnson,11788105,QB,4300,WAS@JAX 12/16/2018 01:00PM ET,WAS,25.3
RB,Rashaad Penny (11788818),Rashaad Penny,11788818,RB/FLEX,4300,SEA@SF 12/16/2018 04:05PM ET,SEA,5.6
WR,David Moore (11788877),David Moore,11788877,WR/FLEX,4300,SEA@SF 12/16/2018 04:05PM ET,SEA,7.45
QB,Sean Mannion (11788364),Sean Mannion,11788364,QB,4300,PHI@LAR 12/16/2018 08:20PM ET,LAR,0.1
WR,Curtis Samuel (11788746),Curtis Samuel,11788746,WR/FLEX,4300,NO@CAR 12/17/2018 08:15PM ET,CAR,10.8
WR,Taylor Gabriel (11788710),Taylor Gabriel,11788710,WR/FLEX,4200,GB@CHI 12/16/2018 01:00PM ET,CHI,10.45
WR,Zay Jones (11788670),Zay Jones,11788670,WR/FLEX,4200,DET@BUF 12/16/2018 01:00PM ET,BUF,9.08
QB,Mike Glennon (11788228),Mike Glennon,11788228,QB,4200,ARI@ATL 12/16/2018 01:00PM ET,ARI,0
RB,Tevin Coleman (11788562),Tevin Coleman,11788562,RB/FLEX,4200,ARI@ATL 12/16/2018 01:00PM ET,ATL,12.2
TE,Austin Hooper (11788627),Austin Hooper,11788627,TE/FLEX,4200,ARI@ATL 12/16/2018 01:00PM ET,ATL,11.21
WR,Jordy Nelson (11788085),Jordy Nelson,11788085,WR/FLEX,4200,OAK@CIN 12/16/2018 01:00PM ET,OAK,9.47
QB,AJ McCarron (11788288),AJ McCarron,11788288,QB,4200,OAK@CIN 12/16/2018 01:00PM ET,OAK,0.06
QB,Blaine Gabbert (11788219),Blaine Gabbert,11788219,QB,4200,TEN@NYG 12/16/2018 01:00PM ET,TEN,4.1
RB,Kenyan Drake (11788548),Kenyan Drake,11788548,RB/FLEX,4200,MIA@MIN 12/16/2018 01:00PM ET,MIA,13.61
QB,Mark Sanchez (11788116),Mark Sanchez,11788116,QB,4200,WAS@JAX 12/16/2018 01:00PM ET,WAS,1.66
QB,Jacoby Brissett (11788454),Jacoby Brissett,11788454,QB,4200,DAL@IND 12/16/2018 01:00PM ET,IND,-0.16
QB,Cooper Rush (11788547),Cooper Rush,11788547,QB,4200,DAL@IND 12/16/2018 01:00PM ET,DAL,0
WR,Tre'Quan Smith (11788811),Tre'Quan Smith,11788811,WR/FLEX,4200,NO@CAR 12/17/2018 08:15PM ET,NO,7.42
TE,Evan Engram (11788687),Evan Engram,11788687,TE/FLEX,4100,TEN@NYG 12/16/2018 01:00PM ET,NYG,9.05
RB,Adrian Peterson (11788101),Adrian Peterson,11788101,RB/FLEX,4100,WAS@JAX 12/16/2018 01:00PM ET,WAS,13.4
WR,Josh Doctson (11788398),Josh Doctson,11788398,WR/FLEX,4100,WAS@JAX 12/16/2018 01:00PM ET,WAS,8.16
QB,Tyler Bray (11788307),Tyler Bray,11788307,QB,4000,GB@CHI 12/16/2018 01:00PM ET,CHI,0
QB,Tim Boyle (11788638),Tim Boyle,11788638,QB,4000,GB@CHI 12/16/2018 01:00PM ET,GB,0
QB,Matt Cassel (11788065),Matt Cassel,11788065,QB,4000,DET@BUF 12/16/2018 01:00PM ET,DET,-0.54
QB,Derek Anderson (11788068),Derek Anderson,11788068,QB,4000,DET@BUF 12/16/2018 01:00PM ET,BUF,6.25
WR,Bruce Ellington (11788432),Bruce Ellington,11788432,WR/FLEX,4000,DET@BUF 12/16/2018 01:00PM ET,DET,8.51
QB,Ryan Griffin (11788237),Ryan Griffin,11788237,QB,4000,TB@BAL 12/16/2018 01:00PM ET,TB,0
TE,Cameron Brate (11788331),Cameron Brate,11788331,TE/FLEX,4000,TB@BAL 12/16/2018 01:00PM ET,TB,6.41
QB,Matt Schaub (11788095),Matt Schaub,11788095,QB,4000,ARI@ATL 12/16/2018 01:00PM ET,ATL,0.55
QB,Tom Savage (11788299),Tom Savage,11788299,QB,4000,OAK@CIN 12/16/2018 01:00PM ET,CIN,0
RB,Giovani Bernard (11788318),Giovani Bernard,11788318,RB/FLEX,4000,OAK@CIN 12/16/2018 01:00PM ET,CIN,9.47
WR,John Ross (11788676),John Ross,11788676,WR/FLEX,4000,OAK@CIN 12/16/2018 01:00PM ET,CIN,7.39
QB,Alex Tanney (11788489),Alex Tanney,11788489,QB,4000,TEN@NYG 12/16/2018 01:00PM ET,NYG,0
QB,Kyle Lauletta (11788707),Kyle Lauletta,11788707,QB,4000,TEN@NYG 12/16/2018 01:00PM ET,NYG,-1.2
QB,David Fales (11788300),David Fales,11788300,QB,4000,MIA@MIN 12/16/2018 01:00PM ET,MIA,0
QB,Kyle Sloter (11788536),Kyle Sloter,11788536,QB,4000,MIA@MIN 12/16/2018 01:00PM ET,MIN,0
QB,Colt McCoy (11788122),Colt McCoy,11788122,QB,4000,WAS@JAX 12/16/2018 01:00PM ET,WAS,10.06
TE,Jordan Reed (11788289),Jordan Reed,11788289,TE/FLEX,4000,WAS@JAX 12/16/2018 01:00PM ET,WAS,9.29
RB,T.J. Yeldon (11788492),T.J. Yeldon,11788492,RB/FLEX,4000,WAS@JAX 12/16/2018 01:00PM ET,JAX,13.23
RB,Rod Smith (11788337),Rod Smith,11788337,RB/FLEX,4000,DAL@IND 12/16/2018 01:00PM ET,DAL,1.55
QB,Mike White (11788639),Mike White,11788639,QB,4000,DAL@IND 12/16/2018 01:00PM ET,DAL,0
QB,Jimmy Garoppolo (11788343),Jimmy Garoppolo,11788343,QB,4000,SEA@SF 12/16/2018 04:05PM ET,SF,17.01
QB,Nate Sudfeld (11788564),Nate Sudfeld,11788564,QB,4000,PHI@LAR 12/16/2018 08:20PM ET,PHI,0
RB,John Kelly (11788839),John Kelly,11788839,RB/FLEX,4000,PHI@LAR 12/16/2018 08:20PM ET,LAR,0
QB,Taysom Hill (11788275),Taysom Hill,11788275,QB,4000,NO@CAR 12/17/2018 08:15PM ET,NO,2.04
QB,Taylor Heinicke (11788417),Taylor Heinicke,11788417,QB,4000,NO@CAR 12/17/2018 08:15PM ET,CAR,0.33
WR,Marquez Valdes-Scantling (11788644),Marquez Valdes-Scantling,11788644,WR/FLEX,3900,GB@CHI 12/16/2018 01:00PM ET,GB,7.31
RB,Jordan Howard (11788699),Jordan Howard,11788699,RB/FLEX,3900,GB@CHI 12/16/2018 01:00PM ET,CHI,10.01
WR,Isaiah McKenzie (11788758),Isaiah McKenzie,11788758,WR/FLEX,3900,DET@BUF 12/16/2018 01:00PM ET,BUF,8
WR,Willie Snead IV (11788393),Willie Snead IV,11788393,WR/FLEX,3900,TB@BAL 12/16/2018 01:00PM ET,BAL,9.24
RB,Jalen Richard (11788534),Jalen Richard,11788534,RB/FLEX,3900,OAK@CIN 12/16/2018 01:00PM ET,OAK,9.85
WR,DeVante Parker (11788424),DeVante Parker,11788424,WR/FLEX,3900,MIA@MIN 12/16/2018 01:00PM ET,MIA,7.58
TE,Vance McDonald (11788255),Vance McDonald,11788255,TE/FLEX,3900,NE@PIT 12/16/2018 04:25PM ET,PIT,9.58
TE,Jimmy Graham (11788108),Jimmy Graham,11788108,TE/FLEX,3800,GB@CHI 12/16/2018 01:00PM ET,GB,8.92
RB,LeGarrette Blount (11788195),LeGarrette Blount,11788195,RB/FLEX,3800,DET@BUF 12/16/2018 01:00PM ET,DET,6.21
RB,Chase Edmonds (11788783),Chase Edmonds,11788783,RB/FLEX,3800,ARI@ATL 12/16/2018 01:00PM ET,ARI,3.83
WR,Taywan Taylor (11788697),Taywan Taylor,11788697,WR/FLEX,3800,TEN@NYG 12/16/2018 01:00PM ET,TEN,7.57
WR,Dontrelle Inman (11788164),Dontrelle Inman,11788164,WR/FLEX,3800,DAL@IND 12/16/2018 01:00PM ET,IND,7.18
RB,Nyheim Hines (11788843),Nyheim Hines,11788843,RB/FLEX,3800,DAL@IND 12/16/2018 01:00PM ET,IND,10.02
RB,Mike Davis (11788543),Mike Davis,11788543,RB/FLEX,3800,SEA@SF 12/16/2018 04:05PM ET,SEA,8.89
TE,Trey Burton (11788305),Trey Burton,11788305,TE/FLEX,3700,GB@CHI 12/16/2018 01:00PM ET,CHI,9.32
RB,Ito Smith (11788787),Ito Smith,11788787,RB/FLEX,3700,ARI@ATL 12/16/2018 01:00PM ET,ATL,7.06
WR,Seth Roberts (11788589),Seth Roberts,11788589,WR/FLEX,3700,OAK@CIN 12/16/2018 01:00PM ET,OAK,7.51
WR,Danny Amendola (11788098),Danny Amendola,11788098,WR/FLEX,3700,MIA@MIN 12/16/2018 01:00PM ET,MIA,9.00
WR,Jamison Crowder (11788418),Jamison Crowder,11788418,WR/FLEX,3700,WAS@JAX 12/16/2018 01:00PM ET,WAS,9.95
WR,Donte Moncrief (11788455),Donte Moncrief,11788455,WR/FLEX,3700,WAS@JAX 12/16/2018 01:00PM ET,JAX,9.42
WR,Cole Beasley (11788212),Cole Beasley,11788212,WR/FLEX,3700,DAL@IND 12/16/2018 01:00PM ET,DAL,8.74
RB,Chris Ivory (11788140),Chris Ivory,11788140,RB/FLEX,3600,DET@BUF 12/16/2018 01:00PM ET,BUF,5.66
RB,Ty Montgomery (11788411),Ty Montgomery,11788411,RB/FLEX,3600,TB@BAL 12/16/2018 01:00PM ET,BAL,6.28
TE,C.J. Uzomah (11788403),C.J. Uzomah,11788403,TE/FLEX,3600,OAK@CIN 12/16/2018 01:00PM ET,CIN,6.52
WR,Cody Core (11788552),Cody Core,11788552,WR/FLEX,3600,OAK@CIN 12/16/2018 01:00PM ET,CIN,2.49
WR,Marcell Ateman (11788664),Marcell Ateman,11788664,WR/FLEX,3600,OAK@CIN 12/16/2018 01:00PM ET,OAK,7.68
RB,Latavius Murray (11788238),Latavius Murray,11788238,RB/FLEX,3600,MIA@MIN 12/16/2018 01:00PM ET,MIN,8.88
WR,Michael Gallup (11788861),Michael Gallup,11788861,WR/FLEX,3600,DAL@IND 12/16/2018 01:00PM ET,DAL,5.65
RB,Darren Sproles (11788070),Darren Sproles,11788070,RB/FLEX,3600,PHI@LAR 12/16/2018 08:20PM ET,PHI,9.33
WR,Nelson Agholor (11788518),Nelson Agholor,11788518,WR/FLEX,3600,PHI@LAR 12/16/2018 08:20PM ET,PHI,9.23
RB,Jamaal Williams (11788558),Jamaal Williams,11788558,RB/FLEX,3500,GB@CHI 12/16/2018 01:00PM ET,GB,4.78
RB,Zach Zenner (11788382),Zach Zenner,11788382,RB/FLEX,3500,DET@BUF 12/16/2018 01:00PM ET,DET,3.12
RB,Kenneth Dixon (11788530),Kenneth Dixon,11788530,RB/FLEX,3500,TB@BAL 12/16/2018 01:00PM ET,BAL,10.23
RB,Wayne Gallman Jr. (11788623),Wayne Gallman Jr.,11788623,RB/FLEX,3500,TEN@NYG 12/16/2018 01:00PM ET,NYG,2.64
TE,Kyle Rudolph (11788242),Kyle Rudolph,11788242,TE/FLEX,3500,MIA@MIN 12/16/2018 01:00PM ET,MIN,8.23
WR,Pierre Garcon (11788170),Pierre Garcon,11788170,WR/FLEX,3500,SEA@SF 12/16/2018 04:05PM ET,SF,7.32
WR,Kendrick Bourne (11788714),Kendrick Bourne,11788714,WR/FLEX,3500,SEA@SF 12/16/2018 04:05PM ET,SF,6.38
RB,Stevan Ridley (11788150),Stevan Ridley,11788150,RB/FLEX,3500,NE@PIT 12/16/2018 04:25PM ET,PIT,1.98
WR,Keith Kirkwood (11788668),Keith Kirkwood,11788668,WR/FLEX,3500,NO@CAR 12/17/2018 08:15PM ET,NO,6.88
RB,Marcus Murphy (11788335),Marcus Murphy,11788335,RB/FLEX,3400,DET@BUF 12/16/2018 01:00PM ET,BUF,3.51
RB,Jacquizz Rodgers (11788204),Jacquizz Rodgers,11788204,RB/FLEX,3400,TB@BAL 12/16/2018 01:00PM ET,TB,5.05
RB,Peyton Barber (11788654),Peyton Barber,11788654,RB/FLEX,3400,TB@BAL 12/16/2018 01:00PM ET,TB,9.31
WR,J.J. Nelson (11788362),J.J. Nelson,11788362,WR/FLEX,3400,ARI@ATL 12/16/2018 01:00PM ET,ARI,1.03
WR,Trent Sherfield (11788793),Trent Sherfield,11788793,WR/FLEX,3400,ARI@ATL 12/16/2018 01:00PM ET,ARI,1.9
RB,Frank Gore (11788066),Frank Gore,11788066,RB/FLEX,3400,MIA@MIN 12/16/2018 01:00PM ET,MIA,8.02
DST,Jaguars  (11788061),Jaguars ,11788061,DST,3400,WAS@JAX 12/16/2018 01:00PM ET,JAX,6.08
RB,Kapri Bibbs (11788391),Kapri Bibbs,11788391,RB/FLEX,3400,WAS@JAX 12/16/2018 01:00PM ET,WAS,5.73
WR,D.J. Chark Jr. (11788748),D.J. Chark Jr.,11788748,WR/FLEX,3400,WAS@JAX 12/16/2018 01:00PM ET,JAX,3.04
WR,Cordarrelle Patterson (11788516),Cordarrelle Patterson,11788516,WR/FLEX,3400,NE@PIT 12/16/2018 04:25PM ET,NE,6.51
WR,Ryan Switzer (11788610),Ryan Switzer,11788610,WR/FLEX,3400,NE@PIT 12/16/2018 04:25PM ET,PIT,4.63
TE,Ian Thomas (11788871),Ian Thomas,11788871,TE/FLEX,3400,NO@CAR 12/17/2018 08:15PM ET,CAR,3.54
WR,TJ Jones (11788316),TJ Jones,11788316,WR/FLEX,3300,DET@BUF 12/16/2018 01:00PM ET,DET,1.61
WR,Russell Shepard (11788248),Russell Shepard,11788248,WR/FLEX,3300,TEN@NYG 12/16/2018 01:00PM ET,NYG,3.27
WR,Tajae Sharpe (11788585),Tajae Sharpe,11788585,WR/FLEX,3300,TEN@NYG 12/16/2018 01:00PM ET,TEN,5.58
DST,Seahawks  (11788057),Seahawks ,11788057,DST,3300,SEA@SF 12/16/2018 04:05PM ET,SEA,8
RB,Rex Burkhead (11788263),Rex Burkhead,11788263,RB/FLEX,3300,NE@PIT 12/16/2018 04:25PM ET,NE,4.46
WR,Chris Hogan (11788380),Chris Hogan,11788380,WR/FLEX,3300,NE@PIT 12/16/2018 04:25PM ET,NE,6.08
WR,Brandon Marshall (11788072),Brandon Marshall,11788072,WR/FLEX,3300,NO@CAR 12/17/2018 08:15PM ET,NO,4.37
RB,Ronald Jones II (11788841),Ronald Jones II,11788841,RB/FLEX,3200,TB@BAL 12/16/2018 01:00PM ET,TB,3.3
WR,Aldrick Robinson (11788179),Aldrick Robinson,11788179,WR/FLEX,3200,MIA@MIN 12/16/2018 01:00PM ET,MIN,5.24
TE,Vernon Davis (11788077),Vernon Davis,11788077,TE/FLEX,3200,WAS@JAX 12/16/2018 01:00PM ET,WAS,5.55
RB,Carlos Hyde (11788314),Carlos Hyde,11788314,RB/FLEX,3200,WAS@JAX 12/16/2018 01:00PM ET,JAX,7.57
WR,Keelan Cole (11788726),Keelan Cole,11788726,WR/FLEX,3200,WAS@JAX 12/16/2018 01:00PM ET,JAX,6.58
WR,Ryan Grant (11788261),Ryan Grant,11788261,WR/FLEX,3200,DAL@IND 12/16/2018 01:00PM ET,IND,6.17
WR,Zach Pascal (11788506),Zach Pascal,11788506,WR/FLEX,3200,DAL@IND 12/16/2018 01:00PM ET,IND,4.35
WR,Chester Rogers (11788583),Chester Rogers,11788583,WR/FLEX,3200,DAL@IND 12/16/2018 01:00PM ET,IND,6.96
RB,Jordan Wilkins (11788689),Jordan Wilkins,11788689,RB/FLEX,3200,DAL@IND 12/16/2018 01:00PM ET,IND,4.4
RB,Alfred Morris (11788154),Alfred Morris,11788154,RB/FLEX,3200,SEA@SF 12/16/2018 04:05PM ET,SF,4.6
WR,Equanimeous St. Brown (11788859),Equanimeous St. Brown,11788859,WR/FLEX,3100,GB@CHI 12/16/2018 01:00PM ET,GB,3.82
DST,Vikings  (11788049),Vikings ,11788049,DST,3100,MIA@MIN 12/16/2018 01:00PM ET,MIN,8
RB,Brandon Bolden (11788231),Brandon Bolden,11788231,RB/FLEX,3100,MIA@MIN 12/16/2018 01:00PM ET,MIA,1.54
WR,Laquon Treadwell (11788681),Laquon Treadwell,11788681,WR/FLEX,3100,MIA@MIN 12/16/2018 01:00PM ET,MIN,5.35
WR,James Washington (11788791),James Washington,11788791,WR/FLEX,3100,NE@PIT 12/16/2018 04:25PM ET,PIT,2.26
WR,Torrey Smith (11788166),Torrey Smith,11788166,WR/FLEX,3100,NO@CAR 12/17/2018 08:15PM ET,CAR,5.23
WR,Jarius Wright (11788229),Jarius Wright,11788229,WR/FLEX,3100,NO@CAR 12/17/2018 08:15PM ET,CAR,5.89
RB,Benny Cunningham (11788265),Benny Cunningham,11788265,RB/FLEX,3000,GB@CHI 12/16/2018 01:00PM ET,CHI,0.22
WR,Josh Bellamy (11788339),Josh Bellamy,11788339,WR/FLEX,3000,GB@CHI 12/16/2018 01:00PM ET,CHI,2.16
RB,Michael Burton (11788352),Michael Burton,11788352,RB/FLEX,3000,GB@CHI 12/16/2018 01:00PM ET,CHI,0.23
WR,Jake Kumerow (11788365),Jake Kumerow,11788365,WR/FLEX,3000,GB@CHI 12/16/2018 01:00PM ET,GB,1.05
RB,Danny Vitale (11788528),Danny Vitale,11788528,RB/FLEX,3000,GB@CHI 12/16/2018 01:00PM ET,GB,0
WR,Kevin White (11788606),Kevin White,11788606,WR/FLEX,3000,GB@CHI 12/16/2018 01:00PM ET,CHI,1.25
WR,J'Mon Moore (11788658),J'Mon Moore,11788658,WR/FLEX,3000,GB@CHI 12/16/2018 01:00PM ET,GB,0.22
RB,Taquan Mizzell (11788666),Taquan Mizzell,11788666,RB/FLEX,3000,GB@CHI 12/16/2018 01:00PM ET,CHI,2.77
WR,Geronimo Allison (11788744),Geronimo Allison,11788744,WR/FLEX,3000,GB@CHI 12/16/2018 01:00PM ET,GB,12.46
WR,Javon Wims (11788869),Javon Wims,11788869,WR/FLEX,3000,GB@CHI 12/16/2018 01:00PM ET,CHI,0
RB,Nick Bellore (11788156),Nick Bellore,11788156,RB/FLEX,3000,DET@BUF 12/16/2018 01:00PM ET,DET,0.31
WR,Deonte Thompson (11788158),Deonte Thompson,11788158,WR/FLEX,3000,DET@BUF 12/16/2018 01:00PM ET,BUF,2.82
RB,Patrick DiMarco (11788193),Patrick DiMarco,11788193,RB/FLEX,3000,DET@BUF 12/16/2018 01:00PM ET,BUF,0.71
WR,Andy Jones (11788587),Andy Jones,11788587,WR/FLEX,3000,DET@BUF 12/16/2018 01:00PM ET,DET,0.58
WR,Da'Mari Scott (11788708),Da'Mari Scott,11788708,WR/FLEX,3000,DET@BUF 12/16/2018 01:00PM ET,BUF,0
WR,Brandon Powell (11788730),Brandon Powell,11788730,WR/FLEX,3000,DET@BUF 12/16/2018 01:00PM ET,DET,0.53
WR,Ray-Ray McCloud III (11788830),Ray-Ray McCloud III,11788830,WR/FLEX,3000,DET@BUF 12/16/2018 01:00PM ET,BUF,0.72
DST,Ravens  (11788062),Ravens ,11788062,DST,3000,TB@BAL 12/16/2018 01:00PM ET,BAL,7.62
RB,Javorius Allen (11788413),Javorius Allen,11788413,RB/FLEX,3000,TB@BAL 12/16/2018 01:00PM ET,BAL,7.28
WR,Chris Moore (11788448),Chris Moore,11788448,WR/FLEX,3000,TB@BAL 12/16/2018 01:00PM ET,BAL,2.58
RB,Patrick Ricard (11788504),Patrick Ricard,11788504,RB/FLEX,3000,TB@BAL 12/16/2018 01:00PM ET,BAL,0
WR,Bobo Wilson (11788640),Bobo Wilson,11788640,WR/FLEX,3000,TB@BAL 12/16/2018 01:00PM ET,TB,0.9
WR,Quincy Adeboyejo (11788685),Quincy Adeboyejo,11788685,WR/FLEX,3000,TB@BAL 12/16/2018 01:00PM ET,BAL,0
WR,Justin Watson (11788779),Justin Watson,11788779,WR/FLEX,3000,TB@BAL 12/16/2018 01:00PM ET,TB,0.15
WR,Jordan Lasley (11788822),Jordan Lasley,11788822,WR/FLEX,3000,TB@BAL 12/16/2018 01:00PM ET,BAL,0
WR,Jaleel Scott (11788863),Jaleel Scott,11788863,WR/FLEX,3000,TB@BAL 12/16/2018 01:00PM ET,BAL,0
RB,Derrick Coleman (11788217),Derrick Coleman,11788217,RB/FLEX,3000,ARI@ATL 12/16/2018 01:00PM ET,ARI,0.31
WR,Justin Hardy (11788360),Justin Hardy,11788360,WR/FLEX,3000,ARI@ATL 12/16/2018 01:00PM ET,ATL,2.11
WR,Marvin Hall (11788457),Marvin Hall,11788457,WR/FLEX,3000,ARI@ATL 12/16/2018 01:00PM ET,ATL,2.22
RB,Ricky Ortiz (11788556),Ricky Ortiz,11788556,RB/FLEX,3000,ARI@ATL 12/16/2018 01:00PM ET,ATL,0.27
RB,T.J. Logan (11788608),T.J. Logan,11788608,RB/FLEX,3000,ARI@ATL 12/16/2018 01:00PM ET,ARI,0.77
WR,Chad Williams (11788722),Chad Williams,11788722,WR/FLEX,3000,ARI@ATL 12/16/2018 01:00PM ET,ARI,3.54
WR,Russell Gage (11788752),Russell Gage,11788752,WR/FLEX,3000,ARI@ATL 12/16/2018 01:00PM ET,ATL,0.3
RB,Brian Hill (11788765),Brian Hill,11788765,RB/FLEX,3000,ARI@ATL 12/16/2018 01:00PM ET,ATL,0.07
WR,Jalen Tolliver (11788883),Jalen Tolliver,11788883,WR/FLEX,3000,ARI@ATL 12/16/2018 01:00PM ET,ARI,4.2
RB,Marshawn Lynch (11788103),Marshawn Lynch,11788103,RB/FLEX,3000,OAK@CIN 12/16/2018 01:00PM ET,OAK,13.67
WR,Dwayne Harris (11788126),Dwayne Harris,11788126,WR/FLEX,3000,OAK@CIN 12/16/2018 01:00PM ET,OAK,0.93
RB,Keith Smith (11788367),Keith Smith,11788367,RB/FLEX,3000,OAK@CIN 12/16/2018 01:00PM ET,OAK,0.48
RB,DeAndre Washington (11788436),DeAndre Washington,11788436,RB/FLEX,3000,OAK@CIN 12/16/2018 01:00PM ET,OAK,1.34
RB,C.J. Anderson (11788459),C.J. Anderson,11788459,RB/FLEX,3000,OAK@CIN 12/16/2018 01:00PM ET,OAK,2.2
WR,Alex Erickson (11788498),Alex Erickson,11788498,WR/FLEX,3000,OAK@CIN 12/16/2018 01:00PM ET,CIN,1.14
WR,Keon Hatcher (11788537),Keon Hatcher,11788537,WR/FLEX,3000,OAK@CIN 12/16/2018 01:00PM ET,OAK,0.6
WR,ArDarius Stewart (11788705),ArDarius Stewart,11788705,WR/FLEX,3000,OAK@CIN 12/16/2018 01:00PM ET,OAK,0
WR,Josh Malone (11788732),Josh Malone,11788732,WR/FLEX,3000,OAK@CIN 12/16/2018 01:00PM ET,CIN,0.31
RB,Mark Walton (11788834),Mark Walton,11788834,RB/FLEX,3000,OAK@CIN 12/16/2018 01:00PM ET,CIN,1.14
WR,Auden Tate (11788853),Auden Tate,11788853,WR/FLEX,3000,OAK@CIN 12/16/2018 01:00PM ET,CIN,1.25
RB,Jonathan Stewart (11788112),Jonathan Stewart,11788112,RB/FLEX,3000,TEN@NYG 12/16/2018 01:00PM ET,NYG,0.57
WR,Michael Campanaro (11788267),Michael Campanaro,11788267,WR/FLEX,3000,TEN@NYG 12/16/2018 01:00PM ET,TEN,0
WR,Bennie Fowler (11788297),Bennie Fowler,11788297,WR/FLEX,3000,TEN@NYG 12/16/2018 01:00PM ET,NYG,3.84
RB,David Fluellen (11788369),David Fluellen,11788369,RB/FLEX,3000,TEN@NYG 12/16/2018 01:00PM ET,TEN,0.23
WR,Darius Jennings (11788444),Darius Jennings,11788444,WR/FLEX,3000,TEN@NYG 12/16/2018 01:00PM ET,TEN,1.33
RB,Elijhaa Penny (11788450),Elijhaa Penny,11788450,RB/FLEX,3000,TEN@NYG 12/16/2018 01:00PM ET,NYG,1.11
WR,Cody Latimer (11788474),Cody Latimer,11788474,WR/FLEX,3000,TEN@NYG 12/16/2018 01:00PM ET,NYG,4.2
WR,Corey Coleman (11788560),Corey Coleman,11788560,WR/FLEX,3000,TEN@NYG 12/16/2018 01:00PM ET,NYG,2.06
WR,Jawill Davis (11788724),Jawill Davis,11788724,WR/FLEX,3000,TEN@NYG 12/16/2018 01:00PM ET,NYG,0.94
RB,Jeremy McNichols (11788803),Jeremy McNichols,11788803,RB/FLEX,3000,TEN@NYG 12/16/2018 01:00PM ET,TEN,0.4
WR,Cameron Batson (11788815),Cameron Batson,11788815,WR/FLEX,3000,TEN@NYG 12/16/2018 01:00PM ET,TEN,2.04
WR,Brice Butler (11788208),Brice Butler,11788208,WR/FLEX,3000,MIA@MIN 12/16/2018 01:00PM ET,MIA,3.16
RB,Senorise Perry (11788341),Senorise Perry,11788341,RB/FLEX,3000,MIA@MIN 12/16/2018 01:00PM ET,MIA,0
WR,Albert Wilson (11788354),Albert Wilson,11788354,WR/FLEX,3000,MIA@MIN 12/16/2018 01:00PM ET,MIA,14.25
RB,Ameer Abdullah (11788387),Ameer Abdullah,11788387,RB/FLEX,3000,MIA@MIN 12/16/2018 01:00PM ET,MIN,0.7
WR,Leonte Carroo (11788571),Leonte Carroo,11788571,WR/FLEX,3000,MIA@MIN 12/16/2018 01:00PM ET,MIA,3.13
WR,Chad Beebe (11788672),Chad Beebe,11788672,WR/FLEX,3000,MIA@MIN 12/16/2018 01:00PM ET,MIN,3.95
RB,Kalen Ballage (11788734),Kalen Ballage,11788734,RB/FLEX,3000,MIA@MIN 12/16/2018 01:00PM ET,MIA,0.88
WR,Isaiah Ford (11788801),Isaiah Ford,11788801,WR/FLEX,3000,MIA@MIN 12/16/2018 01:00PM ET,MIA,0
RB,Mike Boone (11788824),Mike Boone,11788824,RB/FLEX,3000,MIA@MIN 12/16/2018 01:00PM ET,MIN,0.97
RB,C.J. Ham (11788865),C.J. Ham,11788865,RB/FLEX,3000,MIA@MIN 12/16/2018 01:00PM ET,MIN,1.55
WR,Brandon Zylstra (11788867),Brandon Zylstra,11788867,WR/FLEX,3000,MIA@MIN 12/16/2018 01:00PM ET,MIN,0.25
WR,Michael Floyd (11788202),Michael Floyd,11788202,WR/FLEX,3000,WAS@JAX 12/16/2018 01:00PM ET,WAS,1.32
RB,Tommy Bohanon (11788258),Tommy Bohanon,11788258,RB/FLEX,3000,WAS@JAX 12/16/2018 01:00PM ET,JAX,0.65
RB,Corey Grant (11788356),Corey Grant,11788356,RB/FLEX,3000,WAS@JAX 12/16/2018 01:00PM ET,JAX,3.94
RB,Rob Kelley (11788426),Rob Kelley,11788426,RB/FLEX,3000,WAS@JAX 12/16/2018 01:00PM ET,WAS,0.4
WR,Rashad Greene Sr. (11788438),Rashad Greene Sr.,11788438,WR/FLEX,3000,WAS@JAX 12/16/2018 01:00PM ET,JAX,1.13
WR,Maurice Harris (11788461),Maurice Harris,11788461,WR/FLEX,3000,WAS@JAX 12/16/2018 01:00PM ET,WAS,5.46
RB,Byron Marshall (11788512),Byron Marshall,11788512,RB/FLEX,3000,WAS@JAX 12/16/2018 01:00PM ET,WAS,1.73
WR,Jehu Chesson (11788565),Jehu Chesson,11788565,WR/FLEX,3000,WAS@JAX 12/16/2018 01:00PM ET,WAS,-0.04
RB,David Williams (11788662),David Williams,11788662,RB/FLEX,3000,WAS@JAX 12/16/2018 01:00PM ET,JAX,0.07
RB,Samaje Perine (11788740),Samaje Perine,11788740,RB/FLEX,3000,WAS@JAX 12/16/2018 01:00PM ET,WAS,1.5
WR,Terrance Williams (11788210),Terrance Williams,11788210,WR/FLEX,3000,DAL@IND 12/16/2018 01:00PM ET,DAL,1.27
WR,Tavon Austin (11788301),Tavon Austin,11788301,WR/FLEX,3000,DAL@IND 12/16/2018 01:00PM ET,DAL,6.25
WR,Allen Hurns (11788303),Allen Hurns,11788303,WR/FLEX,3000,DAL@IND 12/16/2018 01:00PM ET,DAL,4.13
WR,Matt Hazel (11788358),Matt Hazel,11788358,WR/FLEX,3000,DAL@IND 12/16/2018 01:00PM ET,IND,0
RB,Jamize Olawale (11788371),Jamize Olawale,11788371,RB/FLEX,3000,DAL@IND 12/16/2018 01:00PM ET,DAL,0.25
RB,Jonathan Williams (11788541),Jonathan Williams,11788541,RB/FLEX,3000,DAL@IND 12/16/2018 01:00PM ET,IND,0.37
WR,Lance Lenoir (11788678),Lance Lenoir,11788678,WR/FLEX,3000,DAL@IND 12/16/2018 01:00PM ET,DAL,0
WR,Reece Fountain (11788775),Reece Fountain,11788775,WR/FLEX,3000,DAL@IND 12/16/2018 01:00PM ET,IND,0
WR,Noah Brown (11788797),Noah Brown,11788797,WR/FLEX,3000,DAL@IND 12/16/2018 01:00PM ET,DAL,1.02
WR,Jaron Brown (11788222),Jaron Brown,11788222,WR/FLEX,3000,SEA@SF 12/16/2018 04:05PM ET,SEA,4.38
RB,Kyle Juszczyk (11788269),Kyle Juszczyk,11788269,RB/FLEX,3000,SEA@SF 12/16/2018 04:05PM ET,SF,5.05
RB,Tre Madden (11788415),Tre Madden,11788415,RB/FLEX,3000,SEA@SF 12/16/2018 04:05PM ET,SEA,0.53
RB,J.D. McKissic (11788470),J.D. McKissic,11788470,RB/FLEX,3000,SEA@SF 12/16/2018 04:05PM ET,SEA,0
WR,Trent Taylor (11788625),Trent Taylor,11788625,WR/FLEX,3000,SEA@SF 12/16/2018 04:05PM ET,SF,3.97
RB,Matt Dayes (11788642),Matt Dayes,11788642,RB/FLEX,3000,SEA@SF 12/16/2018 04:05PM ET,SF,0
WR,Richie James Jr. (11788756),Richie James Jr.,11788756,WR/FLEX,3000,SEA@SF 12/16/2018 04:05PM ET,SF,1.34
WR,Malik Turner (11788773),Malik Turner,11788773,WR/FLEX,3000,SEA@SF 12/16/2018 04:05PM ET,SEA,0.8
WR,Matthew Slater (11788087),Matthew Slater,11788087,WR/FLEX,3000,NE@PIT 12/16/2018 04:25PM ET,NE,0
WR,Darrius Heyward-Bey (11788106),Darrius Heyward-Bey,11788106,WR/FLEX,3000,NE@PIT 12/16/2018 04:25PM ET,PIT,0.11
RB,James Develin (11788144),James Develin,11788144,RB/FLEX,3000,NE@PIT 12/16/2018 04:25PM ET,NE,2.92
RB,Le'Veon Bell (11788312),Le'Veon Bell,11788312,RB/FLEX,3000,NE@PIT 12/16/2018 04:25PM ET,PIT,0
RB,Roosevelt Nix (11788321),Roosevelt Nix,11788321,RB/FLEX,3000,NE@PIT 12/16/2018 04:25PM ET,PIT,0.51
WR,Phillip Dorsett (11788409),Phillip Dorsett,11788409,WR/FLEX,3000,NE@PIT 12/16/2018 04:25PM ET,NE,4.97
WR,Eli Rogers (11788452),Eli Rogers,11788452,WR/FLEX,3000,NE@PIT 12/16/2018 04:25PM ET,PIT,0
TE,Jesse James (11788496),Jesse James,11788496,TE/FLEX,3000,NE@PIT 12/16/2018 04:25PM ET,PIT,6.57
RB,Trey Edmunds (11788523),Trey Edmunds,11788523,RB/FLEX,3000,NE@PIT 12/16/2018 04:25PM ET,PIT,0
WR,Cody Hollister (11788575),Cody Hollister,11788575,WR/FLEX,3000,NE@PIT 12/16/2018 04:25PM ET,NE,0
WR,Braxton Berrios (11788742),Braxton Berrios,11788742,WR/FLEX,3000,NE@PIT 12/16/2018 04:25PM ET,NE,0
WR,Mike Wallace (11788142),Mike Wallace,11788142,WR/FLEX,3000,PHI@LAR 12/16/2018 08:20PM ET,PHI,0
WR,Jordan Matthews (11788344),Jordan Matthews,11788344,WR/FLEX,3000,PHI@LAR 12/16/2018 08:20PM ET,PHI,5.34
RB,Jay Ajayi (11788389),Jay Ajayi,11788389,RB/FLEX,3000,PHI@LAR 12/16/2018 08:20PM ET,PHI,11.1
RB,Malcolm Brown (11788430),Malcolm Brown,11788430,RB/FLEX,3000,PHI@LAR 12/16/2018 08:20PM ET,LAR,3.28
WR,JoJo Natson Jr. (11788532),JoJo Natson Jr.,11788532,WR/FLEX,3000,PHI@LAR 12/16/2018 08:20PM ET,LAR,0
WR,Mack Hollins (11788581),Mack Hollins,11788581,WR/FLEX,3000,PHI@LAR 12/16/2018 08:20PM ET,PHI,0
RB,Justin Davis (11788600),Justin Davis,11788600,RB/FLEX,3000,PHI@LAR 12/16/2018 08:20PM ET,LAR,0.21
RB,Wendell Smallwood (11788604),Wendell Smallwood,11788604,RB/FLEX,3000,PHI@LAR 12/16/2018 08:20PM ET,PHI,6.18
WR,Shelton Gibson (11788629),Shelton Gibson,11788629,WR/FLEX,3000,PHI@LAR 12/16/2018 08:20PM ET,PHI,0.45
RB,Corey Clement (11788650),Corey Clement,11788650,RB/FLEX,3000,PHI@LAR 12/16/2018 08:20PM ET,PHI,7.37
WR,Pharoh Cooper (11788660),Pharoh Cooper,11788660,WR/FLEX,3000,PHI@LAR 12/16/2018 08:20PM ET,LAR,0
WR,KhaDarel Hodge (11788718),KhaDarel Hodge,11788718,WR/FLEX,3000,PHI@LAR 12/16/2018 08:20PM ET,LAR,0.34
TE,Gerald Everett (11788813),Gerald Everett,11788813,TE/FLEX,3000,PHI@LAR 12/16/2018 08:20PM ET,LAR,5.2
WR,Ted Ginn Jr. (11788096),Ted Ginn Jr.,11788096,WR/FLEX,3000,NO@CAR 12/17/2018 08:15PM ET,NO,10.28
RB,Travaris Cadet (11788176),Travaris Cadet,11788176,RB/FLEX,3000,NO@CAR 12/17/2018 08:15PM ET,CAR,0
RB,Shane Vereen (11788181),Shane Vereen,11788181,RB/FLEX,3000,NO@CAR 12/17/2018 08:15PM ET,NO,0
RB,Kenjon Barner (11788206),Kenjon Barner,11788206,RB/FLEX,3000,NO@CAR 12/17/2018 08:15PM ET,CAR,1.01
RB,Zach Line (11788214),Zach Line,11788214,RB/FLEX,3000,NO@CAR 12/17/2018 08:15PM ET,NO,1.54
WR,Tommylee Lewis (11788468),Tommylee Lewis,11788468,WR/FLEX,3000,NO@CAR 12/17/2018 08:15PM ET,NO,3.2
WR,Mose Frazier (11788487),Mose Frazier,11788487,WR/FLEX,3000,NO@CAR 12/17/2018 08:15PM ET,CAR,0
WR,Austin Carr (11788526),Austin Carr,11788526,WR/FLEX,3000,NO@CAR 12/17/2018 08:15PM ET,NO,2.36
RB,Dwayne Washington (11788595),Dwayne Washington,11788595,RB/FLEX,3000,NO@CAR 12/17/2018 08:15PM ET,NO,0.46
RB,Cameron Artis-Payne (11788597),Cameron Artis-Payne,11788597,RB/FLEX,3000,NO@CAR 12/17/2018 08:15PM ET,CAR,0.1
RB,Elijah Hood (11788762),Elijah Hood,11788762,RB/FLEX,3000,NO@CAR 12/17/2018 08:15PM ET,CAR,0
RB,Alex Armah (11788875),Alex Armah,11788875,RB/FLEX,3000,NO@CAR 12/17/2018 08:15PM ET,CAR,1.03
DST,Bears  (11788039),Bears ,11788039,DST,2900,GB@CHI 12/16/2018 01:00PM ET,CHI,12.62
TE,Anthony Firkser (11788720),Anthony Firkser,11788720,TE/FLEX,2900,TEN@NYG 12/16/2018 01:00PM ET,TEN,4.68
DST,Bills  (11788038),Bills ,11788038,DST,2800,DET@BUF 12/16/2018 01:00PM ET,BUF,6.15
TE,Benjamin Watson (11788093),Benjamin Watson,11788093,TE/FLEX,2800,NO@CAR 12/17/2018 08:15PM ET,NO,5.9
TE,Mark Andrews (11788736),Mark Andrews,11788736,TE/FLEX,2700,TB@BAL 12/16/2018 01:00PM ET,BAL,5.88
DST,Falcons  (11788037),Falcons ,11788037,DST,2700,ARI@ATL 12/16/2018 01:00PM ET,ATL,3.46
TE,Blake Jarwin (11788591),Blake Jarwin,11788591,TE/FLEX,2700,DAL@IND 12/16/2018 01:00PM ET,DAL,2.12
DST,Rams  (11788047),Rams ,11788047,DST,2700,PHI@LAR 12/16/2018 08:20PM ET,LAR,9.92
TE,Tyler Higbee (11788428),Tyler Higbee,11788428,TE/FLEX,2700,PHI@LAR 12/16/2018 08:20PM ET,LAR,4.2
DST,Saints  (11788051),Saints ,11788051,DST,2700,NO@CAR 12/17/2018 08:15PM ET,NO,7.23
TE,Maxx Williams (11788494),Maxx Williams,11788494,TE/FLEX,2600,TB@BAL 12/16/2018 01:00PM ET,BAL,3.55
TE,Ricky Seals-Jones (11788656),Ricky Seals-Jones,11788656,TE/FLEX,2600,ARI@ATL 12/16/2018 01:00PM ET,ARI,5.22
DST,Titans  (11788044),Titans ,11788044,DST,2600,TEN@NYG 12/16/2018 01:00PM ET,TEN,6.08
DST,Giants  (11788052),Giants ,11788052,DST,2600,TEN@NYG 12/16/2018 01:00PM ET,NYG,5.92
DST,Colts  (11788045),Colts ,11788045,DST,2600,DAL@IND 12/16/2018 01:00PM ET,IND,7
TE,Nick Vannett (11788446),Nick Vannett,11788446,TE/FLEX,2600,SEA@SF 12/16/2018 04:05PM ET,SEA,5.09
TE,Dallas Goedert (11788728),Dallas Goedert,11788728,TE/FLEX,2600,PHI@LAR 12/16/2018 08:20PM ET,PHI,5.81
TE,Marcedes Lewis (11788075),Marcedes Lewis,11788075,TE/FLEX,2500,GB@CHI 12/16/2018 01:00PM ET,GB,0.53
TE,Lance Kendricks (11788130),Lance Kendricks,11788130,TE/FLEX,2500,GB@CHI 12/16/2018 01:00PM ET,GB,2.36
TE,Patrick Scales (11788183),Patrick Scales,11788183,TE/FLEX,2500,GB@CHI 12/16/2018 01:00PM ET,CHI,0
TE,Daniel Brown (11788373),Daniel Brown,11788373,TE/FLEX,2500,GB@CHI 12/16/2018 01:00PM ET,CHI,0
TE,Robert Tonyan (11788508),Robert Tonyan,11788508,TE/FLEX,2500,GB@CHI 12/16/2018 01:00PM ET,GB,1.07
TE,Ben Braunecker (11788510),Ben Braunecker,11788510,TE/FLEX,2500,GB@CHI 12/16/2018 01:00PM ET,CHI,0.37
TE,Adam Shaheen (11788873),Adam Shaheen,11788873,TE/FLEX,2500,GB@CHI 12/16/2018 01:00PM ET,CHI,3.5
DST,Lions  (11788042),Lions ,11788042,DST,2500,DET@BUF 12/16/2018 01:00PM ET,DET,6.23
TE,Charles Clay (11788174),Charles Clay,11788174,TE/FLEX,2500,DET@BUF 12/16/2018 01:00PM ET,BUF,3.49
TE,Luke Willson (11788235),Luke Willson,11788235,TE/FLEX,2500,DET@BUF 12/16/2018 01:00PM ET,DET,1.81
TE,Levine Toilolo (11788276),Levine Toilolo,11788276,TE/FLEX,2500,DET@BUF 12/16/2018 01:00PM ET,DET,2.28
TE,Logan Thomas (11788286),Logan Thomas,11788286,TE/FLEX,2500,DET@BUF 12/16/2018 01:00PM ET,BUF,2.03
TE,Jason Croom (11788514),Jason Croom,11788514,TE/FLEX,2500,DET@BUF 12/16/2018 01:00PM ET,BUF,3.39
TE,Michael Roberts (11788691),Michael Roberts,11788691,TE/FLEX,2500,DET@BUF 12/16/2018 01:00PM ET,DET,4.62
TE,Nick Boyle (11788472),Nick Boyle,11788472,TE/FLEX,2500,TB@BAL 12/16/2018 01:00PM ET,BAL,3.14
TE,Alan Cross (11788485),Alan Cross,11788485,TE/FLEX,2500,TB@BAL 12/16/2018 01:00PM ET,TB,0.22
TE,Hayden Hurst (11788847),Hayden Hurst,11788847,TE/FLEX,2500,TB@BAL 12/16/2018 01:00PM ET,BAL,2.36
TE,Antony Auclair (11788879),Antony Auclair,11788879,TE/FLEX,2500,TB@BAL 12/16/2018 01:00PM ET,TB,0.91
TE,Logan Paulsen (11788118),Logan Paulsen,11788118,TE/FLEX,2500,ARI@ATL 12/16/2018 01:00PM ET,ATL,1.77
TE,John Phillips (11788124),John Phillips,11788124,TE/FLEX,2500,ARI@ATL 12/16/2018 01:00PM ET,ARI,0
TE,Jermaine Gresham (11788132),Jermaine Gresham,11788132,TE/FLEX,2500,ARI@ATL 12/16/2018 01:00PM ET,ARI,1.34
TE,Eric Saubert (11788554),Eric Saubert,11788554,TE/FLEX,2500,ARI@ATL 12/16/2018 01:00PM ET,ATL,0.75
TE,Darrell Daniels (11788674),Darrell Daniels,11788674,TE/FLEX,2500,ARI@ATL 12/16/2018 01:00PM ET,ARI,0
DST,Bengals  (11788040),Bengals ,11788040,DST,2500,OAK@CIN 12/16/2018 01:00PM ET,CIN,4.92
TE,Clark Harris (11788080),Clark Harris,11788080,TE/FLEX,2500,OAK@CIN 12/16/2018 01:00PM ET,CIN,0
TE,Lee Smith (11788134),Lee Smith,11788134,TE/FLEX,2500,OAK@CIN 12/16/2018 01:00PM ET,OAK,2.17
TE,Matt Lengel (11788282),Matt Lengel,11788282,TE/FLEX,2500,OAK@CIN 12/16/2018 01:00PM ET,CIN,1.34
TE,Tyler Eifert (11788291),Tyler Eifert,11788291,TE/FLEX,2500,OAK@CIN 12/16/2018 01:00PM ET,CIN,9.72
TE,Darren Waller (11788420),Darren Waller,11788420,TE/FLEX,2500,OAK@CIN 12/16/2018 01:00PM ET,OAK,0
TE,Derek Carrier (11788502),Derek Carrier,11788502,TE/FLEX,2500,OAK@CIN 12/16/2018 01:00PM ET,OAK,1.52
TE,Jordan Franks (11788809),Jordan Franks,11788809,TE/FLEX,2500,OAK@CIN 12/16/2018 01:00PM ET,CIN,0.95
TE,Delanie Walker (11788083),Delanie Walker,11788083,TE/FLEX,2500,TEN@NYG 12/16/2018 01:00PM ET,TEN,9.2
TE,Luke Stocker (11788136),Luke Stocker,11788136,TE/FLEX,2500,TEN@NYG 12/16/2018 01:00PM ET,TEN,2.28
TE,Rhett Ellison (11788162),Rhett Ellison,11788162,TE/FLEX,2500,TEN@NYG 12/16/2018 01:00PM ET,NYG,4.7
TE,Beau Brinkley (11788220),Beau Brinkley,11788220,TE/FLEX,2500,TEN@NYG 12/16/2018 01:00PM ET,TEN,0
TE,MyCole Pruitt (11788329),MyCole Pruitt,11788329,TE/FLEX,2500,TEN@NYG 12/16/2018 01:00PM ET,TEN,0.71
TE,Scott Simonson (11788378),Scott Simonson,11788378,TE/FLEX,2500,TEN@NYG 12/16/2018 01:00PM ET,NYG,0.74
TE,Jonnu Smith (11788652),Jonnu Smith,11788652,TE/FLEX,2500,TEN@NYG 12/16/2018 01:00PM ET,TEN,4.91
TE,Garrett Dickerson (11788777),Garrett Dickerson,11788777,TE/FLEX,2500,TEN@NYG 12/16/2018 01:00PM ET,NYG,0
TE,Kevin McDermott (11788226),Kevin McDermott,11788226,TE/FLEX,2500,MIA@MIN 12/16/2018 01:00PM ET,MIN,0
TE,Nick O'Leary (11788440),Nick O'Leary,11788440,TE/FLEX,2500,MIA@MIN 12/16/2018 01:00PM ET,MIA,2.51
TE,David Morgan (11788482),David Morgan,11788482,TE/FLEX,2500,MIA@MIN 12/16/2018 01:00PM ET,MIN,1.08
TE,Josiah Price (11788569),Josiah Price,11788569,TE/FLEX,2500,MIA@MIN 12/16/2018 01:00PM ET,MIN,0
TE,Durham Smythe (11788693),Durham Smythe,11788693,TE/FLEX,2500,MIA@MIN 12/16/2018 01:00PM ET,MIA,0.39
TE,Mike Gesicki (11788799),Mike Gesicki,11788799,TE/FLEX,2500,MIA@MIN 12/16/2018 01:00PM ET,MIA,2.51
TE,Tyler Conklin (11788826),Tyler Conklin,11788826,TE/FLEX,2500,MIA@MIN 12/16/2018 01:00PM ET,MIN,0.42
TE,Niles Paul (11788189),Niles Paul,11788189,TE/FLEX,2500,WAS@JAX 12/16/2018 01:00PM ET,JAX,3.25
TE,Blake Bell (11788308),Blake Bell,11788308,TE/FLEX,2500,WAS@JAX 12/16/2018 01:00PM ET,JAX,1.73
TE,James O'Shaughnessy (11788325),James O'Shaughnessy,11788325,TE/FLEX,2500,WAS@JAX 12/16/2018 01:00PM ET,JAX,3.47
TE,Austin Seferian-Jenkins (11788405),Austin Seferian-Jenkins,11788405,TE/FLEX,2500,WAS@JAX 12/16/2018 01:00PM ET,JAX,5.2
TE,Ben Koyack (11788478),Ben Koyack,11788478,TE/FLEX,2500,WAS@JAX 12/16/2018 01:00PM ET,JAX,0
TE,Jeremy Sprinkle (11788539),Jeremy Sprinkle,11788539,TE/FLEX,2500,WAS@JAX 12/16/2018 01:00PM ET,WAS,0
TE,Ryan Hewitt (11788273),Ryan Hewitt,11788273,TE/FLEX,2500,DAL@IND 12/16/2018 01:00PM ET,IND,0
TE,Rico Gathers (11788573),Rico Gathers,11788573,TE/FLEX,2500,DAL@IND 12/16/2018 01:00PM ET,DAL,0.62
TE,Mo Alie-Cox (11788593),Mo Alie-Cox,11788593,TE/FLEX,2500,DAL@IND 12/16/2018 01:00PM ET,IND,4.87
TE,Geoff Swaim (11788602),Geoff Swaim,11788602,TE/FLEX,2500,DAL@IND 12/16/2018 01:00PM ET,DAL,6.24
TE,Dalton Schultz (11788771),Dalton Schultz,11788771,TE/FLEX,2500,DAL@IND 12/16/2018 01:00PM ET,DAL,1.95
TE,Ed Dickson (11788110),Ed Dickson,11788110,TE/FLEX,2500,SEA@SF 12/16/2018 04:05PM ET,SEA,4.29
TE,Garrett Celek (11788185),Garrett Celek,11788185,TE/FLEX,2500,SEA@SF 12/16/2018 04:05PM ET,SF,0.92
TE,Tyler Ott (11788333),Tyler Ott,11788333,TE/FLEX,2500,SEA@SF 12/16/2018 04:05PM ET,SEA,0
TE,Ross Dwelley (11788712),Ross Dwelley,11788712,TE/FLEX,2500,SEA@SF 12/16/2018 04:05PM ET,SF,0.22
TE,Will Dissly (11788805),Will Dissly,11788805,TE/FLEX,2500,SEA@SF 12/16/2018 04:05PM ET,SEA,9.65
TE,Dwayne Allen (11788224),Dwayne Allen,11788224,TE/FLEX,2500,NE@PIT 12/16/2018 04:25PM ET,NE,0.57
TE,Xavier Grimble (11788346),Xavier Grimble,11788346,TE/FLEX,2500,NE@PIT 12/16/2018 04:25PM ET,PIT,0.85
TE,Jacob Hollister (11788577),Jacob Hollister,11788577,TE/FLEX,2500,NE@PIT 12/16/2018 04:25PM ET,NE,1.31
TE,Richard Rodgers (11788463),Richard Rodgers,11788463,TE/FLEX,2500,PHI@LAR 12/16/2018 08:20PM ET,PHI,0
TE,Johnny Mundt (11788633),Johnny Mundt,11788633,TE/FLEX,2500,PHI@LAR 12/16/2018 08:20PM ET,LAR,0
TE,Josh Hill (11788244),Josh Hill,11788244,TE/FLEX,2500,NO@CAR 12/17/2018 08:15PM ET,NO,2.62
TE,Erik Swoope (11788323),Erik Swoope,11788323,TE/FLEX,2500,NO@CAR 12/17/2018 08:15PM ET,NO,4.96
TE,Chris Manhertz (11788376),Chris Manhertz,11788376,TE/FLEX,2500,NO@CAR 12/17/2018 08:15PM ET,CAR,0.09
TE,Dan Arnold (11788881),Dan Arnold,11788881,TE/FLEX,2500,NO@CAR 12/17/2018 08:15PM ET,NO,4.12
DST,Raiders  (11788046),Raiders ,11788046,DST,2400,OAK@CIN 12/16/2018 01:00PM ET,OAK,2.46
DST,Redskins  (11788059),Redskins ,11788059,DST,2400,WAS@JAX 12/16/2018 01:00PM ET,WAS,7.46
DST,Steelers  (11788055),Steelers ,11788055,DST,2400,NE@PIT 12/16/2018 04:25PM ET,PIT,7.38
DST,Packers  (11788043),Packers ,11788043,DST,2300,GB@CHI 12/16/2018 01:00PM ET,GB,7.23
DST,Cowboys  (11788041),Cowboys ,11788041,DST,2300,DAL@IND 12/16/2018 01:00PM ET,DAL,6.23
DST,Buccaneers  (11788058),Buccaneers ,11788058,DST,2200,TB@BAL 12/16/2018 01:00PM ET,TB,4.46
DST,Cardinals  (11788054),Cardinals ,11788054,DST,2200,ARI@ATL 12/16/2018 01:00PM ET,ARI,6.54
DST,Patriots  (11788050),Patriots ,11788050,DST,2200,NE@PIT 12/16/2018 04:25PM ET,NE,7.62
DST,Dolphins  (11788048),Dolphins ,11788048,DST,2100,MIA@MIN 12/16/2018 01:00PM ET,MIA,7.46
DST,49ers  (11788056),49ers ,11788056,DST,2000,SEA@SF 12/16/2018 04:05PM ET,SF,3.46
DST,Eagles  (11788053),Eagles ,11788053,DST,2000,PHI@LAR 12/16/2018 08:20PM ET,PHI,5.23
DST,Panthers  (11788060),Panthers ,11788060,DST,2000,NO@CAR 12/17/2018 08:15PM ET,CAR,5.38

